"","ASV","Plant_Species","Compartment","Method","Domain","Phylum","Class","Order","Family","Genus","Species","DADA2_ID"
"1","ASV_320","Arabidopsis_thaliana","Root","DA","Bacteria","Proteobacteria","Gammaproteobacteria","Burkholderiales","Burkholderiaceae","Burkholderia-Caballeronia-Paraburkholderia","","1103ca8bb142d451387040be2c4d353b"
"2","ASV_1464","Arabidopsis_thaliana","Root","DA","Bacteria","Proteobacteria","Gammaproteobacteria","Burkholderiales","Burkholderiaceae","Cupriavidus","","44a3ce117ff47c43331eab21259fb5c9"
"3","ASV_16","Arabidopsis_thaliana","Root","DA","Bacteria","Proteobacteria","Gammaproteobacteria","Burkholderiales","Burkholderiaceae","Burkholderia-Caballeronia-Paraburkholderia","","47e1a48800fe5d17f09e178ed259ae4b"
"4","ASV_616","Arabidopsis_thaliana","Root","DA","Bacteria","Proteobacteria","Gammaproteobacteria","Burkholderiales","Burkholderiaceae","Burkholderia-Caballeronia-Paraburkholderia","","c8b70b28b3c5a8f23135035b85ba090a"
"5","ASV_625","Arabidopsis_thaliana","Root","DA","Bacteria","Proteobacteria","Gammaproteobacteria","Burkholderiales","Comamonadaceae",NA,NA,"c19a7f74111d06c300dd83888ffb8638"
"6","ASV_1210","Arabidopsis_thaliana","Root","DA","Bacteria","Proteobacteria","Gammaproteobacteria","Burkholderiales","Comamonadaceae",NA,NA,"8967c58b2343596d18409d9ed3d4102e"
"7","ASV_439","Arabidopsis_thaliana","Root","DA","Bacteria","Proteobacteria","Gammaproteobacteria","Burkholderiales","Comamonadaceae","Paucibacter","","4d6c276ca1a266bbaea4e467e479005d"
"8","ASV_986","Arabidopsis_thaliana","Root","DA","Bacteria","Proteobacteria","Gammaproteobacteria","Burkholderiales","Comamonadaceae","Rhizobacter","","6a0216560b4d6af2dd16fc9622a5ad33"
"9","ASV_147","Arabidopsis_thaliana","Root","DA","Bacteria","Proteobacteria","Gammaproteobacteria","Burkholderiales","Oxalobacteraceae","uncultured","","dfb7f84268bec53613d1930382500b1d"
"10","ASV_893","Arabidopsis_thaliana","Root","DA","Bacteria","Proteobacteria","Gammaproteobacteria","Burkholderiales","Oxalobacteraceae","Massilia","","ae0db65b61013fa05012a20f907f8255"
"11","ASV_503","Arabidopsis_thaliana","Root","DA","Bacteria","Proteobacteria","Gammaproteobacteria","Burkholderiales","Oxalobacteraceae",NA,NA,"34a572a87f8b16fdecffb4f68c686c96"
"12","ASV_414","Arabidopsis_thaliana","Root","DA","Bacteria","Proteobacteria","Gammaproteobacteria","Burkholderiales","Oxalobacteraceae",NA,NA,"f35c2380c9cfe5975fb4c88b053209ee"
"13","ASV_502","Arabidopsis_thaliana","Root","DA","Bacteria","Proteobacteria","Gammaproteobacteria","Burkholderiales","Oxalobacteraceae","Massilia","","23e11dc7250a96682dcf6a6f3efbd4a1"
"14","ASV_818","Arabidopsis_thaliana","Root","DA","Bacteria","Proteobacteria","Gammaproteobacteria","Burkholderiales","Oxalobacteraceae","Noviherbaspirillum","","f26ed88c10feade3479aaf55da6bdf3f"
"15","ASV_1084","Arabidopsis_thaliana","Root","DA","Bacteria","Proteobacteria","Gammaproteobacteria","Burkholderiales","Oxalobacteraceae",NA,NA,"ccc33d62630743cef3119e9ab322a4c3"
"16","ASV_774","Arabidopsis_thaliana","Root","DA","Bacteria","Proteobacteria","Gammaproteobacteria","Burkholderiales","Oxalobacteraceae","Noviherbaspirillum","","8152cf2174ce916a5957a6366b1c1a13"
"17","ASV_1090","Arabidopsis_thaliana","Root","DA","Bacteria","Proteobacteria","Gammaproteobacteria","Burkholderiales","Oxalobacteraceae",NA,NA,"e7670081f34a880f5f30c3d0e4cc754e"
"18","ASV_1030","Arabidopsis_thaliana","Root","DA","Bacteria","Proteobacteria","Alphaproteobacteria","Caulobacterales","Caulobacteraceae","uncultured","","8e2b5c0e954ba820672a80821c2b81b0"
"19","ASV_1429","Arabidopsis_thaliana","Root","DA","Bacteria","Proteobacteria","Gammaproteobacteria","Cellvibrionales","Cellvibrionaceae","Cellvibrio","","2eb5f63d947550207e8ab28d4dffcf73"
"20","ASV_998","Arabidopsis_thaliana","Root","DA","Bacteria","Proteobacteria","Gammaproteobacteria","Gammaproteobacteria_Incertae_Sedis","Unknown_Family","Acidibacter","","fda2fd2136b9daa80f1b1ad2130886c7"
"21","ASV_576","Arabidopsis_thaliana","Root","DA","Bacteria","Proteobacteria","Alphaproteobacteria","Micropepsales","Micropepsaceae","uncultured","","5ffa9d3c12f2042b9b89f3ef5957c731"
"22","ASV_1450","Arabidopsis_thaliana","Root","DA","Bacteria","Proteobacteria","Alphaproteobacteria","Micropepsales","Micropepsaceae","uncultured","","096004e33d6cf3511c5a94fb3edbef19"
"23","ASV_1054","Arabidopsis_thaliana","Root","DA","Bacteria","Proteobacteria","Alphaproteobacteria","Micropepsales","Micropepsaceae","uncultured","","0d9ec9e852eec9b4e9fb087cc39b538f"
"24","ASV_1390","Arabidopsis_thaliana","Root","DA","Bacteria","Proteobacteria","Alphaproteobacteria","Micropepsales","Micropepsaceae","uncultured","","86114960d23d228b11af3936528394d2"
"25","ASV_1366","Arabidopsis_thaliana","Root","DA","Bacteria","Proteobacteria","Gammaproteobacteria","Pseudomonadales","Moraxellaceae","uncultured","","befb810e9f74707eacc91353efe0c975"
"26","ASV_952","Arabidopsis_thaliana","Root","DA","Bacteria","Proteobacteria","Gammaproteobacteria","Pseudomonadales","Pseudomonadaceae","Pseudomonas","","7b361820964e8c6ced5aec81f54bcfea"
"27","ASV_1031","Arabidopsis_thaliana","Root","DA","Bacteria","Proteobacteria","Gammaproteobacteria","Pseudomonadales","Pseudomonadaceae","Pseudomonas","","e31f1e7e52443d46f42759e43d6f5e90"
"28","ASV_1034","Arabidopsis_thaliana","Root","DA","Bacteria","Proteobacteria","Alphaproteobacteria","Rhizobiales","Rhizobiaceae","Ochrobactrum","","94489ce74017d077f507ef6ebbc440e4"
"29","ASV_788","Arabidopsis_thaliana","Root","DA","Bacteria","Proteobacteria","Alphaproteobacteria","Rhizobiales","Xanthobacteraceae","Rhodoplanes","","38c3172641c48605cb2bdb2787d56a95"
"30","ASV_328","Arabidopsis_thaliana","Root","DA","Bacteria","Proteobacteria","Alphaproteobacteria","Rhizobiales","Xanthobacteraceae",NA,NA,"fa93d2da1da7de82da3e066eb8608b98"
"31","ASV_467","Arabidopsis_thaliana","Root","DA","Bacteria","Proteobacteria","Alphaproteobacteria","Rhizobiales","Xanthobacteraceae","Pseudorhodoplanes","","74f348f36da230816d33cff375c87852"
"32","ASV_911","Arabidopsis_thaliana","Root","DA","Bacteria","Proteobacteria","Alphaproteobacteria","Rhizobiales","Xanthobacteraceae",NA,NA,"201ad2d8242171f7fbc464c11122784f"
"33","ASV_1156","Arabidopsis_thaliana","Root","DA","Bacteria","Proteobacteria","Alphaproteobacteria","Sphingomonadales","Sphingomonadaceae","Novosphingobium","","e75d217f9e2c20a169430623b6c1ce00"
"34","ASV_728","Arabidopsis_thaliana","Root","DA","Bacteria","Proteobacteria","Alphaproteobacteria","Sphingomonadales","Sphingomonadaceae",NA,NA,"a7875d016a09fb3df0ed2ab7486da4d6"
"35","ASV_338","Arabidopsis_thaliana","Root","DA","Bacteria","Proteobacteria","Alphaproteobacteria","Sphingomonadales","Sphingomonadaceae","Sphingomonas","","d8905c47f44267d633164a4411a20757"
"36","ASV_698","Arabidopsis_thaliana","Root","DA","Bacteria","Proteobacteria","Alphaproteobacteria","Sphingomonadales","Sphingomonadaceae","Sphingobium","","5e95f82463d5235d9bea7e398e01e48d"
"37","ASV_1148","Arabidopsis_thaliana","Root","DA","Bacteria","Proteobacteria","Alphaproteobacteria","Sphingomonadales","Sphingomonadaceae","Sphingomonas","","4d53aa29f8b5ced42534a603fd48ac06"
"38","ASV_577","Arabidopsis_thaliana","Root","DA","Bacteria","Proteobacteria","Alphaproteobacteria","Sphingomonadales","Sphingomonadaceae","Hephaestia","","a1b9d133567f3a658c7e1bf536f35ef1"
"39","ASV_1178","Arabidopsis_thaliana","Root","DA","Bacteria","Proteobacteria","Gammaproteobacteria","Xanthomonadales","Rhodanobacteraceae","Dokdonella","","9751eb5e1cbad2ad6ef44d0150501a37"
"40","ASV_840","Arabidopsis_thaliana","Root","DA","Bacteria","Proteobacteria","Gammaproteobacteria","Xanthomonadales","Rhodanobacteraceae","Luteibacter","","1eab433c19da7983bde606130c35785f"
"41","ASV_665","Arabidopsis_thaliana","Root","DA","Bacteria","Proteobacteria","Gammaproteobacteria","Xanthomonadales","Rhodanobacteraceae","Rhodanobacter","","a7fa7a6c9dbd6b9e5acc1c3efa16fba1"
"42","ASV_990","Arabidopsis_thaliana","Root","DA","Bacteria","Bacteroidota","Bacteroidia","Chitinophagales","Chitinophagaceae","Puia","","82190e35c9712793d0d1542130df056e"
"43","ASV_266","Arabidopsis_thaliana","Root","DA","Bacteria","Bacteroidota","Bacteroidia","Flavobacteriales","Flavobacteriaceae","Flavobacterium","","ca1e44396c5d533c9638ff14706d4d3b"
"44","ASV_451","Arabidopsis_thaliana","Root","DA","Bacteria","Bacteroidota","Bacteroidia","Flavobacteriales","Flavobacteriaceae","Flavobacterium","","0fc915ab18f1d13df3facd97af67c6da"
"45","ASV_209","Arabidopsis_thaliana","Root","DA","Bacteria","Bacteroidota","Bacteroidia","Flavobacteriales","Flavobacteriaceae","Flavobacterium","","fcc5096bfd4bede565ea8da830b3a1dc"
"46","ASV_274","Arabidopsis_thaliana","Root","DA","Bacteria","Bacteroidota","Bacteroidia","Flavobacteriales","Flavobacteriaceae","Flavobacterium","","36a8dae6549d9d5572deb425fe539f44"
"47","ASV_989","Arabidopsis_thaliana","Root","DA","Bacteria","Bacteroidota","Bacteroidia","Flavobacteriales","Flavobacteriaceae","Flavobacterium","","c5da03422a9dc9843a7ee59349ed40a2"
"48","ASV_1137","Arabidopsis_thaliana","Root","DA","Bacteria","Bacteroidota","Bacteroidia","Flavobacteriales","Flavobacteriaceae","Flavobacterium","","ba1b424d4edb4b195ceb353500300717"
"49","ASV_1235","Arabidopsis_thaliana","Root","DA","Bacteria","Bacteroidota","Bacteroidia","Sphingobacteriales","Sphingobacteriaceae","Mucilaginibacter","","23d80b22e9fe9653d696c3cf3167a901"
"50","ASV_1011","Arabidopsis_thaliana","Root","DA","Bacteria","Bacteroidota","Bacteroidia","Sphingobacteriales","Sphingobacteriaceae","Mucilaginibacter","","3faa8c56b3bf8dbfd53c285132d77373"
"51","ASV_1038","Arabidopsis_thaliana","Root","DA","Bacteria","Bacteroidota","Bacteroidia","Sphingobacteriales","Sphingobacteriaceae","Mucilaginibacter","","22d9d069388ed12b53fe6c9b3588ac27"
"52","ASV_836","Arabidopsis_thaliana","Root","DA","Bacteria","Bacteroidota","Bacteroidia","Sphingobacteriales","Sphingobacteriaceae","Mucilaginibacter","","568fc60a86940e8fa9ca86b14dbfb7ce"
"53","ASV_453","Arabidopsis_thaliana","Root","DA","Bacteria","Actinobacteriota","Actinobacteria","Micromonosporales","Micromonosporaceae","Actinoplanes","","8797e4b6612cb74af7a6866d0bda937f"
"54","ASV_914","Arabidopsis_thaliana","Root","DA","Bacteria","Actinobacteriota","Actinobacteria","Micromonosporales","Micromonosporaceae","Actinoplanes","","05f6970d3f265f7f66482f7f75e274ba"
"55","ASV_748","Arabidopsis_thaliana","Root","DA","Bacteria","Actinobacteriota","Actinobacteria","Pseudonocardiales","Pseudonocardiaceae","Saccharothrix","","5a3db50b2c047d9a711496828a8028cc"
"56","ASV_190","Arabidopsis_thaliana","Root","DA","Bacteria","Actinobacteriota","Actinobacteria","Pseudonocardiales","Pseudonocardiaceae","Kutzneria","","54ae4115ee34c0e007a0c10c88554d22"
"57","ASV_1037","Arabidopsis_thaliana","Root","DA","Bacteria","Actinobacteriota","Thermoleophilia","Solirubrobacterales","67-14","67-14","","3c909a95f78f1fb183d8c10f33f0fbe5"
"58","ASV_1184","Arabidopsis_thaliana","Root","DA","Bacteria","Actinobacteriota","Actinobacteria","Streptomycetales","Streptomycetaceae","Streptomyces","","ef95b652667dc79202be341a1f946175"
"59","ASV_1165","Arabidopsis_thaliana","Root","DA","Bacteria","Actinobacteriota","Actinobacteria","Streptomycetales","Streptomycetaceae","Streptomyces","","de59c84427399dcb97f0100bc8a82dff"
"60","ASV_415","Arabidopsis_thaliana","Root","DA","Bacteria","Actinobacteriota","Actinobacteria","Streptomycetales","Streptomycetaceae","Streptomyces","","f82634319380bb513f537c8f658feb2a"
"61","ASV_1060","Arabidopsis_thaliana","Root","DA","Bacteria","Actinobacteriota","Actinobacteria","Streptomycetales","Streptomycetaceae","Streptomyces","","cdafb3ebedd3200cb50d81857208158d"
"62","ASV_1063","Arabidopsis_thaliana","Root","DA","Bacteria","Actinobacteriota","Actinobacteria","Streptomycetales","Streptomycetaceae","Streptomyces","","3bc9a5ccb2e7b4122351bd8d4098515f"
"63","ASV_1067","Arabidopsis_thaliana","Root","DA","Bacteria","Actinobacteriota","Actinobacteria","Streptomycetales","Streptomycetaceae","Streptomyces","","f8267b7b9d22361205821e19ee6f9fa2"
"64","ASV_527","Arabidopsis_thaliana","Root","DA","Bacteria","Actinobacteriota","Actinobacteria","Streptosporangiales","Streptosporangiaceae","Nonomuraea","","157358958a1bddbac8acda1617734a9e"
"65","ASV_1447","Arabidopsis_thaliana","Root","DA","Bacteria","Actinobacteriota","Actinobacteria","Streptosporangiales","Streptosporangiaceae","Nonomuraea","","ece0c8cbf80712fba4ed23eabfb37dab"
"66","ASV_224","Arabidopsis_thaliana","Root","DA","Bacteria","Firmicutes","Bacilli","Bacillales","Bacillaceae","Bacillus","","253a7230f2465f29a4f710bbbf490c22"
"67","ASV_437","Arabidopsis_thaliana","Root","DA","Bacteria","Firmicutes","Bacilli","Bacillales","Sporolactobacillaceae","Scopulibacillus","","c809ba3f47cbe823a3bdf3ed70ed02fe"
"68","ASV_1026","Arabidopsis_thaliana","Root","DA","Bacteria","Firmicutes","Bacilli","Bacillales","Sporolactobacillaceae","Scopulibacillus","","75e24471bd13ab61a9146fe2efdba6eb"
"69","ASV_1327","Arabidopsis_thaliana","Root","DA","Bacteria","Myxococcota","Polyangia","Haliangiales","Haliangiaceae","Haliangium","","4e731419ee4e15c8b9c19e0bff81085d"
"70","ASV_896","Arabidopsis_thaliana","Root","DA","Bacteria","Myxococcota","Polyangia","Haliangiales","Haliangiaceae","Haliangium","","26812df1c2ba4d64136fb256371a5f1c"
"71","ASV_772","Arabidopsis_thaliana","Root","DA","Bacteria","Myxococcota","Polyangia","Polyangiales","BIrii41","BIrii41","","940a7fe4167976c96688457b2f60701d"
"72","ASV_1273","Arabidopsis_thaliana","Root","DA","Bacteria","Myxococcota","Polyangia","Polyangiales","Polyangiaceae","Aetherobacter","","026252e0e106c8ef7fbb7817fbd78355"
"73","ASV_568","Arabidopsis_thaliana","Root","DA","Bacteria","Patescibacteria","Saccharimonadia","Saccharimonadales","Saccharimonadaceae","TM7a","","5a0060d554602e35a2b2a5482c329ff2"
"74","ASV_1043","Arabidopsis_thaliana","Root","DA","Bacteria","Patescibacteria","Saccharimonadia","Saccharimonadales","Saccharimonadaceae","TM7a","","fc594b5bb5f458e37ccd97fc8e0b9692"
"75","ASV_356","Arabidopsis_thaliana","Root","DA","Bacteria","Patescibacteria","Saccharimonadia","Saccharimonadales","Saccharimonadaceae","TM7a","","6f3d36a0c26b1b67d1176743231af0bf"
"76","ASV_252","Arabidopsis_thaliana","Root","DA","Bacteria","Patescibacteria","Saccharimonadia","Saccharimonadales","Saccharimonadales","Saccharimonadales","","079c0e1b658ad3a2b423a95b18625ac9"
"77","ASV_1360","Arabidopsis_thaliana","Root","DA","Bacteria","Chloroflexi","Ktedonobacteria","Ktedonobacterales","Ktedonobacteraceae","uncultured","","c0eb521be4b2ad006cfb9471a22c04a6"
"78","ASV_1369","Arabidopsis_thaliana","Root","DA","Bacteria","Chloroflexi","Anaerolineae","RBG-13-54-9","RBG-13-54-9","RBG-13-54-9","","ecd50dd946ef1d9def250b2c33b1e569"
"79","ASV_1713","Arabidopsis_thaliana","Root","DA","Bacteria","Chloroflexi","Anaerolineae","RBG-13-54-9","RBG-13-54-9","RBG-13-54-9","","87bf1e08d9bbe06c91150608e44cf51c"
"80","ASV_876","Arabidopsis_thaliana","Root","DA","Bacteria","Acidobacteriota","Acidobacteriae","Acidobacteriales","Acidobacteriaceae_(Subgroup_1)","Granulicella","","6b9a6469c7ac728708b4c60a5f47e204"
"81","ASV_523","Arabidopsis_thaliana","Root","DA","Bacteria","Acidobacteriota","Vicinamibacteria","Vicinamibacterales","Vicinamibacteraceae","Vicinamibacter","","853fb73552bfc23d80e4a926f7ace08d"
"82","ASV_16","Arabidopsis_thaliana","Soil","DA","Bacteria","Proteobacteria","Gammaproteobacteria","Burkholderiales","Burkholderiaceae","Burkholderia-Caballeronia-Paraburkholderia","","47e1a48800fe5d17f09e178ed259ae4b"
"83","ASV_320","Arabidopsis_thaliana","Soil","DA","Bacteria","Proteobacteria","Gammaproteobacteria","Burkholderiales","Burkholderiaceae","Burkholderia-Caballeronia-Paraburkholderia","","1103ca8bb142d451387040be2c4d353b"
"84","ASV_853","Arabidopsis_thaliana","Soil","DA","Bacteria","Proteobacteria","Gammaproteobacteria","Burkholderiales","Comamonadaceae","Roseateles","","f67af674f903f414c1ca4583cf164f04"
"85","ASV_1279","Arabidopsis_thaliana","Soil","DA","Bacteria","Proteobacteria","Gammaproteobacteria","Burkholderiales","Oxalobacteraceae","Duganella","","618a185ff1c2da05906a09da5bfe12fb"
"86","ASV_893","Arabidopsis_thaliana","Soil","DA","Bacteria","Proteobacteria","Gammaproteobacteria","Burkholderiales","Oxalobacteraceae","Massilia","","ae0db65b61013fa05012a20f907f8255"
"87","ASV_774","Arabidopsis_thaliana","Soil","DA","Bacteria","Proteobacteria","Gammaproteobacteria","Burkholderiales","Oxalobacteraceae","Noviherbaspirillum","","8152cf2174ce916a5957a6366b1c1a13"
"88","ASV_503","Arabidopsis_thaliana","Soil","DA","Bacteria","Proteobacteria","Gammaproteobacteria","Burkholderiales","Oxalobacteraceae",NA,NA,"34a572a87f8b16fdecffb4f68c686c96"
"89","ASV_1133","Arabidopsis_thaliana","Soil","DA","Bacteria","Proteobacteria","Gammaproteobacteria","Burkholderiales","Oxalobacteraceae",NA,NA,"596b91aa2ddbb53ddcb5d0f0b5051dc4"
"90","ASV_1090","Arabidopsis_thaliana","Soil","DA","Bacteria","Proteobacteria","Gammaproteobacteria","Burkholderiales","Oxalobacteraceae",NA,NA,"e7670081f34a880f5f30c3d0e4cc754e"
"91","ASV_266","Arabidopsis_thaliana","Soil","DA","Bacteria","Bacteroidota","Bacteroidia","Flavobacteriales","Flavobacteriaceae","Flavobacterium","","ca1e44396c5d533c9638ff14706d4d3b"
"92","ASV_755","Arabidopsis_thaliana","Soil","DA","Bacteria","Firmicutes","Bacilli","Exiguobacterales","Exiguobacteraceae","Exiguobacterium","","c081c63688123356f5b6b9e4fe5fd9b4"
"93","ASV_958","Brassica_oleraceae","Root","DA","Bacteria","Proteobacteria","Gammaproteobacteria","Burkholderiales","Comamonadaceae",NA,NA,"ed1ae188788174b0846a859012b3079a"
"94","ASV_1006","Brassica_oleraceae","Root","DA","Bacteria","Proteobacteria","Gammaproteobacteria","Burkholderiales","Comamonadaceae","Variovorax","","ea61b233d2a6f31cac48d4aafb2c1dd5"
"95","ASV_1127","Brassica_oleraceae","Root","DA","Bacteria","Proteobacteria","Gammaproteobacteria","Burkholderiales","Comamonadaceae","Aquabacterium","","d46634844c91e24babe92054caaa7847"
"96","ASV_669","Brassica_oleraceae","Root","DA","Bacteria","Proteobacteria","Gammaproteobacteria","Burkholderiales","Comamonadaceae","Acidovorax","","4348f925b84982d439b6e9ebd442ca03"
"97","ASV_529","Brassica_oleraceae","Root","DA","Bacteria","Proteobacteria","Gammaproteobacteria","Burkholderiales","Comamonadaceae","Rhizobacter","","0d76e8899d287e80e20b058410eb0fd1"
"98","ASV_706","Brassica_oleraceae","Root","DA","Bacteria","Proteobacteria","Gammaproteobacteria","Burkholderiales","Comamonadaceae","Variovorax","","47082eb92759c2179725fe69f11672c5"
"99","ASV_1540","Brassica_oleraceae","Root","DA","Bacteria","Proteobacteria","Gammaproteobacteria","Burkholderiales","Methylophilaceae","Methylophilus","","78c93dc2877bbb6423314c4012908222"
"100","ASV_1209","Brassica_oleraceae","Root","DA","Bacteria","Proteobacteria","Gammaproteobacteria","Burkholderiales","Oxalobacteraceae","Massilia","","ef698c54ca22ab163690ff9ca8dbb3f6"
"101","ASV_812","Brassica_oleraceae","Root","DA","Bacteria","Proteobacteria","Gammaproteobacteria","Burkholderiales","Oxalobacteraceae","Duganella","","5dcca56aa4ee63e5873f6094b831f400"
"102","ASV_815","Brassica_oleraceae","Root","DA","Bacteria","Proteobacteria","Gammaproteobacteria","Burkholderiales","Oxalobacteraceae","Duganella","","4c9bc0b086802bb0887f73556efb9465"
"103","ASV_1130","Brassica_oleraceae","Root","DA","Bacteria","Proteobacteria","Gammaproteobacteria","Diplorickettsiales","Diplorickettsiaceae","Rickettsiella","","bcbf6016004074cb9ccbc4af2f2e4c47"
"104","ASV_808","Brassica_oleraceae","Root","DA","Bacteria","Proteobacteria","Gammaproteobacteria","Gammaproteobacteria_Incertae_Sedis","Unknown_Family","Acidibacter","","d5e007ffb5793bf28809edcb7af16491"
"105","ASV_1441","Brassica_oleraceae","Root","DA","Bacteria","Proteobacteria","Gammaproteobacteria","Pseudomonadales","Pseudomonadaceae","Pseudomonas","","e311d3f69c3425c96a683f6f1f6810d0"
"106","ASV_902","Brassica_oleraceae","Root","DA","Bacteria","Proteobacteria","Alphaproteobacteria","Rhizobiales","Beijerinckiaceae","Methylobacterium-Methylorubrum","","ad2281ce47473ddbb0457df697779754"
"107","ASV_679","Brassica_oleraceae","Root","DA","Bacteria","Proteobacteria","Alphaproteobacteria","Rhizobiales","Rhizobiaceae","Allorhizobium-Neorhizobium-Pararhizobium-Rhizobium","","e5281735e0a80bf2f6195dab6977e425"
"108","ASV_1289","Brassica_oleraceae","Root","DA","Bacteria","Proteobacteria","Alphaproteobacteria","Rhizobiales","Xanthobacteraceae","Rhodopseudomonas","","c89f2db4d99e9de44b5ec07e05e348db"
"109","ASV_665","Brassica_oleraceae","Root","DA","Bacteria","Proteobacteria","Gammaproteobacteria","Xanthomonadales","Rhodanobacteraceae","Rhodanobacter","","a7fa7a6c9dbd6b9e5acc1c3efa16fba1"
"110","ASV_796","Brassica_oleraceae","Root","DA","Bacteria","Proteobacteria","Gammaproteobacteria","Xanthomonadales","Rhodanobacteraceae","Rhodanobacter","","74b3731231e741dc947f01de707e7f0a"
"111","ASV_354","Brassica_oleraceae","Root","DA","Bacteria","Bacteroidota","Bacteroidia","Chitinophagales","Chitinophagaceae","Taibaiella","","88f1cf846334ca4e3ddcbd0a051aee97"
"112","ASV_266","Brassica_oleraceae","Root","DA","Bacteria","Bacteroidota","Bacteroidia","Flavobacteriales","Flavobacteriaceae","Flavobacterium","","ca1e44396c5d533c9638ff14706d4d3b"
"113","ASV_493","Brassica_oleraceae","Root","DA","Bacteria","Bacteroidota","Bacteroidia","Flavobacteriales","Flavobacteriaceae","Flavobacterium","","498dc00c661222845b8c934a688a39c8"
"114","ASV_1039","Brassica_oleraceae","Root","DA","Bacteria","Bacteroidota","Bacteroidia","Flavobacteriales","Flavobacteriaceae","Flavobacterium","","a202b7c5fa8aee0e2e6cfa14ca4e3273"
"115","ASV_607","Brassica_oleraceae","Root","DA","Bacteria","Bacteroidota","Bacteroidia","Flavobacteriales","Flavobacteriaceae","Flavobacterium","","449e67700ae4a4d6543c3e0966783ddc"
"116","ASV_956","Brassica_oleraceae","Root","DA","Bacteria","Actinobacteriota","Actinobacteria","Micrococcales","Microbacteriaceae",NA,NA,"87d662e1ccfdd7bd0f6d01b2dabe4c8d"
"117","ASV_78","Brassica_oleraceae","Root","DA","Bacteria","Actinobacteriota","Actinobacteria","Micrococcales","Micrococcaceae",NA,NA,"c1d8f746065975c3dc82d29b9eee6f45"
"118","ASV_605","Brassica_oleraceae","Root","DA","Bacteria","Actinobacteriota","Actinobacteria","Micrococcales","Micrococcaceae",NA,NA,"281d4badbcc99017d98c9a0aa90e6fb2"
"119","ASV_235","Brassica_oleraceae","Root","DA","Bacteria","Firmicutes","Bacilli","Bacillales","Bacillaceae","Bacillus","","d6021e8944aae0cc28b535070bee815c"
"120","ASV_207","Brassica_oleraceae","Root","DA","Bacteria","Firmicutes","Bacilli","Bacillales","Planococcaceae","Sporosarcina","","41692b85b28c21cd52251d9ce01af670"
"121","ASV_979","Brassica_oleraceae","Root","DA","Bacteria","Firmicutes","Bacilli","Paenibacillales","Paenibacillaceae","Paenibacillus","","e2d1a67f521316cb1307ce4b56073ce5"
"122","ASV_509","Brassica_oleraceae","Soil","DA","Bacteria","Proteobacteria","Gammaproteobacteria","Burkholderiales","Comamonadaceae","Candidatus_Symbiobacter","","9c23d51b961b683baa92f3051a192150"
"123","ASV_706","Brassica_oleraceae","Soil","DA","Bacteria","Proteobacteria","Gammaproteobacteria","Burkholderiales","Comamonadaceae","Variovorax","","47082eb92759c2179725fe69f11672c5"
"124","ASV_305","Brassica_oleraceae","Soil","DA","Bacteria","Proteobacteria","Gammaproteobacteria","Burkholderiales","Oxalobacteraceae","Undibacterium","","50196de05c46ec24d8203d782f9a1a76"
"125","ASV_670","Brassica_oleraceae","Soil","DA","Bacteria","Proteobacteria","Gammaproteobacteria","Burkholderiales","Oxalobacteraceae","Massilia","","c51b918ee1c53a9580f0e0d63f6e4dec"
"126","ASV_406","Brassica_oleraceae","Soil","DA","Bacteria","Proteobacteria","Gammaproteobacteria","Burkholderiales","Oxalobacteraceae","Undibacterium","","14adacfae6b38ce8962efc227fad7213"
"127","ASV_868","Brassica_oleraceae","Soil","DA","Bacteria","Proteobacteria","Alphaproteobacteria","Rhizobiales","Rhizobiaceae","Allorhizobium-Neorhizobium-Pararhizobium-Rhizobium","","2569b4c4cad75aecc852532bc6bd3c10"
"128","ASV_354","Brassica_oleraceae","Soil","DA","Bacteria","Bacteroidota","Bacteroidia","Chitinophagales","Chitinophagaceae","Taibaiella","","88f1cf846334ca4e3ddcbd0a051aee97"
"129","ASV_118","Arabidopsis_thaliana","Root","NetA","Bacteria","Proteobacteria","Gammaproteobacteria","Burkholderiales","Comamonadaceae",NA,NA,"79fea04aad9136be18cdcc527926bb53"
"130","ASV_157","Arabidopsis_thaliana","Root","NetA","Bacteria","Proteobacteria","Gammaproteobacteria","Burkholderiales","Comamonadaceae",NA,NA,"22d1530a599b35b2b24079d1868446c7"
"131","ASV_158","Arabidopsis_thaliana","Root","NetA","Bacteria","Proteobacteria","Alphaproteobacteria","Caulobacterales","Caulobacteraceae","Phenylobacterium","","368888cc29a1ba9db3401f4aa16b553a"
"132","ASV_16","Arabidopsis_thaliana","Root","NetA","Bacteria","Proteobacteria","Gammaproteobacteria","Burkholderiales","Burkholderiaceae","Burkholderia-Caballeronia-Paraburkholderia","","47e1a48800fe5d17f09e178ed259ae4b"
"133","ASV_247","Arabidopsis_thaliana","Root","NetA","Bacteria","Actinobacteriota","Actinobacteria","Propionibacteriales","Nocardioidaceae","Nocardioides","","a6694448f4b5f465459d3adc8fb9947c"
"134","ASV_49","Arabidopsis_thaliana","Root","NetA","Bacteria","Bacteroidota","Bacteroidia","Chitinophagales","Chitinophagaceae","Niastella","","61afb4ac14238100eb2a646416ad679f"
"135","ASV_7","Arabidopsis_thaliana","Root","NetA","Bacteria","Proteobacteria","Alphaproteobacteria","Rhizobiales","Xanthobacteraceae",NA,NA,"9db2817f5c42be6a7bcbca662959982d"
"136","ASV_58","Brassica_oleraceae","Root","NetA","Bacteria","Proteobacteria","Alphaproteobacteria","Rhizobiales","Xanthobacteraceae",NA,NA,"67fe68b10effbc7af1e15eb1d66f58af"
"137","ASV_695","Brassica_oleraceae","Root","NetA","Bacteria","Actinobacteriota","Actinobacteria","Streptomycetales","Streptomycetaceae","Streptacidiphilus","","94383fd80938bc58d73ca1f48585b2df"
"138","ASV_9","Brassica_oleraceae","Root","NetA","Bacteria","Proteobacteria","Gammaproteobacteria","Xanthomonadales","Rhodanobacteraceae","Dokdonella","","ac59ca7cc131d8d50d0b5cd4e4e266a8"
"139","ASV_1","Arabidopsis_thaliana","Soil","NetA","Bacteria","Actinobacteriota","Actinobacteria","Streptomycetales","Streptomycetaceae","Streptomyces","","93120265f9c84ff7e35370a1f4336272"
"140","ASV_104","Arabidopsis_thaliana","Soil","NetA","Bacteria","Proteobacteria","Gammaproteobacteria","Xanthomonadales","Rhodanobacteraceae","Dokdonella","","0e9a004ba66fba6d89f9049f23909a6c"
"141","ASV_134","Arabidopsis_thaliana","Soil","NetA","Bacteria","Proteobacteria","Gammaproteobacteria","Pseudomonadales","Pseudomonadaceae","Pseudomonas","","dda307d7c100d1f1b443513ddd711003"
"142","ASV_136","Arabidopsis_thaliana","Soil","NetA","Bacteria","Proteobacteria","Alphaproteobacteria","Rhizobiales","Xanthobacteraceae","Rhodopseudomonas","","455e95916895c7361581c291d0bdcf44"
"143","ASV_157","Arabidopsis_thaliana","Soil","NetA","Bacteria","Proteobacteria","Gammaproteobacteria","Burkholderiales","Comamonadaceae",NA,NA,"22d1530a599b35b2b24079d1868446c7"
"144","ASV_184","Arabidopsis_thaliana","Soil","NetA","Bacteria","Proteobacteria","Gammaproteobacteria","Xanthomonadales","Xanthomonadaceae","Lysobacter","","8b324b9c2d76084303ac9f264a260ed7"
"145","ASV_234","Arabidopsis_thaliana","Soil","NetA","Bacteria","Actinobacteriota","Actinobacteria","Propionibacteriales","Nocardioidaceae","Kribbella","","784745c07ceaabc2d2203eb2e3351547"
"146","ASV_26","Arabidopsis_thaliana","Soil","NetA","Bacteria","Proteobacteria","Alphaproteobacteria","Rhizobiales","Rhizobiaceae","Mesorhizobium","","5ad7f4f85a771f1f2f2df1f44ef66eae"
"147","ASV_282","Arabidopsis_thaliana","Soil","NetA","Bacteria","Proteobacteria","Gammaproteobacteria","Burkholderiales","Oxalobacteraceae","Duganella","","e7aa64117d2516448619f73771e227b6"
"148","ASV_335","Arabidopsis_thaliana","Soil","NetA","Bacteria","Bacteroidota","Bacteroidia","Cytophagales","Cytophagaceae","Sporocytophaga","","b811f2f34e5ff4da0cfe70eb0796aabd"
"149","ASV_341","Arabidopsis_thaliana","Soil","NetA","Bacteria","Bacteroidota","Bacteroidia","Flavobacteriales","Flavobacteriaceae","Flavobacterium","","e5853403c041a10c804f32d419e91231"
"150","ASV_37","Arabidopsis_thaliana","Soil","NetA","Bacteria","Proteobacteria","Alphaproteobacteria","Rhizobiales","Devosiaceae",NA,NA,"e5d2897df2f464827244b871d67ee050"
"151","ASV_40","Arabidopsis_thaliana","Soil","NetA","Bacteria","Proteobacteria","Gammaproteobacteria","Burkholderiales","Comamonadaceae","Variovorax","","143229458b99ef8a101c9589be36630f"
"152","ASV_421","Arabidopsis_thaliana","Soil","NetA","Bacteria","Bacteroidota","Bacteroidia","Chitinophagales","Chitinophagaceae","Ferruginibacter","","e06434eb3ace991a000d79758146b4b9"
"153","ASV_429","Arabidopsis_thaliana","Soil","NetA","Bacteria","Myxococcota","Polyangia","Polyangiales","BIrii41","BIrii41","","5c88e8cf1a3dc09a8a7cffd837b75332"
"154","ASV_441","Arabidopsis_thaliana","Soil","NetA","Bacteria","Myxococcota","Polyangia","Polyangiales","BIrii41","BIrii41","","e39802881c843147a62503b06c6493ad"
"155","ASV_488","Arabidopsis_thaliana","Soil","NetA","Bacteria","Proteobacteria","Alphaproteobacteria","Caulobacterales","Caulobacteraceae","Asticcacaulis","","a1fdbc75cb793ea6b924e0a538f3fca0"
"156","ASV_544","Arabidopsis_thaliana","Soil","NetA","Bacteria","Bacteroidota","Bacteroidia","Cytophagales","Cytophagaceae","Cytophaga","","4eaedc1514f309f086f36238b89befcb"
"157","ASV_55","Arabidopsis_thaliana","Soil","NetA","Bacteria","Proteobacteria","Gammaproteobacteria","Burkholderiales","Comamonadaceae","Rhodoferax","","4a9674186f32170a544d4561fe1d9246"
"158","ASV_58","Arabidopsis_thaliana","Soil","NetA","Bacteria","Proteobacteria","Alphaproteobacteria","Rhizobiales","Xanthobacteraceae",NA,NA,"67fe68b10effbc7af1e15eb1d66f58af"
"159","ASV_636","Arabidopsis_thaliana","Soil","NetA","Bacteria","Myxococcota","Polyangia","mle1-27","mle1-27","mle1-27","","c96e772ef3754a7e8b33677f3158b527"
"160","ASV_713","Arabidopsis_thaliana","Soil","NetA","Bacteria","Bacteroidota","Bacteroidia","Flavobacteriales","Flavobacteriaceae","Flavobacterium","","29ba7c99435c12f4061e8a81c10786d5"
"161","ASV_8","Arabidopsis_thaliana","Soil","NetA","Bacteria","Proteobacteria","Alphaproteobacteria","Sphingomonadales","Sphingomonadaceae",NA,NA,"2345c975ae95fddd8aa7816acb912ffc"
"162","ASV_820","Arabidopsis_thaliana","Soil","NetA","Bacteria","Bacteroidota","Bacteroidia","Chitinophagales","Chitinophagaceae","Flavisolibacter","","af4312d3c8bcca9c2a0e4e2fe25c205e"
"163","ASV_90","Arabidopsis_thaliana","Soil","NetA","Bacteria","Proteobacteria","Gammaproteobacteria","Burkholderiales","Comamonadaceae","Pelomonas","","4f8521dd44ff57db0d963c4aa283de02"
"164","ASV_93","Arabidopsis_thaliana","Soil","NetA","Bacteria","Proteobacteria","Gammaproteobacteria","Burkholderiales","Oxalobacteraceae",NA,NA,"3cb73bc00762928a4618ba5cd102a245"
"165","ASV_97","Arabidopsis_thaliana","Soil","NetA","Bacteria","Bacteroidota","Bacteroidia","Sphingobacteriales","Sphingobacteriaceae","Mucilaginibacter","","64dcf32a9dfb696e13e589455e444da6"
"166","ASV_98","Arabidopsis_thaliana","Soil","NetA","Bacteria","Proteobacteria","Gammaproteobacteria","Burkholderiales","Comamonadaceae","Pelomonas","","d0f47c059d1d8ff70e46e50a9f5e0d77"
"167","ASV_10","Brassica_oleraceae","Soil","NetA","Bacteria","Proteobacteria","Gammaproteobacteria","Burkholderiales","Comamonadaceae","Acidovorax","","c10f089319ce7c050aa0c8e980d33faa"
"168","ASV_120","Brassica_oleraceae","Soil","NetA","Bacteria","Bacteroidota","Bacteroidia","Flavobacteriales","Flavobacteriaceae","Flavobacterium","","c7a31aeb82d1ba6bb95ffa05969f6c57"
"169","ASV_1220","Brassica_oleraceae","Soil","NetA","Bacteria","Firmicutes","Bacilli","Bacillales","Bacillaceae",NA,NA,"5ce90e82e5e94ea2713c63199ba5ebe2"
"170","ASV_130","Brassica_oleraceae","Soil","NetA","Bacteria","Bacteroidota","Bacteroidia","Sphingobacteriales","Sphingobacteriaceae","Mucilaginibacter","","291ed27556ec8aa3de831feae0c6b7a7"
"171","ASV_144","Brassica_oleraceae","Soil","NetA","Bacteria","Bacteroidota","Bacteroidia","Sphingobacteriales","Sphingobacteriaceae","Mucilaginibacter","","736210ef11bcafd1bcc7e24f09d9d819"
"172","ASV_149","Brassica_oleraceae","Soil","NetA","Bacteria","Actinobacteriota","Actinobacteria","Micrococcales","Micrococcaceae","Paenarthrobacter","","c7ba2aae94cbe0284443a7c62f35dad0"
"173","ASV_152","Brassica_oleraceae","Soil","NetA","Bacteria","Proteobacteria","Gammaproteobacteria","Burkholderiales","Comamonadaceae","Rhodoferax","","a652ca0177cf4249e79236b3844f010d"
"174","ASV_156","Brassica_oleraceae","Soil","NetA","Bacteria","Actinobacteriota","Actinobacteria","Propionibacteriales","Nocardioidaceae","Kribbella","","df34ea9690bc1c0642e1b6246dba210e"
"175","ASV_157","Brassica_oleraceae","Soil","NetA","Bacteria","Proteobacteria","Gammaproteobacteria","Burkholderiales","Comamonadaceae",NA,NA,"22d1530a599b35b2b24079d1868446c7"
"176","ASV_167","Brassica_oleraceae","Soil","NetA","Bacteria","Proteobacteria","Gammaproteobacteria","Burkholderiales","Burkholderiaceae","Burkholderia-Caballeronia-Paraburkholderia","","a88b7f508c090e49b2ef7f2189760aa4"
"177","ASV_168","Brassica_oleraceae","Soil","NetA","Bacteria","Proteobacteria","Gammaproteobacteria","Burkholderiales","Comamonadaceae",NA,NA,"9fce468becd562b13822618a5e1b8571"
"178","ASV_177","Brassica_oleraceae","Soil","NetA","Bacteria","Proteobacteria","Alphaproteobacteria","Rhizobiales","Beijerinckiaceae","Bosea","","354b64263d23bb68fc9332a1e495e60f"
"179","ASV_233","Brassica_oleraceae","Soil","NetA","Bacteria","Proteobacteria","Gammaproteobacteria","Burkholderiales","Oxalobacteraceae","Massilia","","7f09498fb455a333197f691f08b55bc7"
"180","ASV_245","Brassica_oleraceae","Soil","NetA","Bacteria","Proteobacteria","Alphaproteobacteria","Rhizobiales","Beijerinckiaceae","Methylobacterium-Methylorubrum","","4715d00a2315b24a3fcc1b66ae839a94"
"181","ASV_268","Brassica_oleraceae","Soil","NetA","Bacteria","Bacteroidota","Bacteroidia","Flavobacteriales","Crocinitomicaceae","Fluviicola","","f97216862526f767d2ac58eb0db875d3"
"182","ASV_271","Brassica_oleraceae","Soil","NetA","Bacteria","Actinobacteriota","Thermoleophilia","Solirubrobacterales","67-14","67-14","","64a97d7a97b23e806d2f78fae078e5ec"
"183","ASV_28","Brassica_oleraceae","Soil","NetA","Bacteria","Proteobacteria","Gammaproteobacteria","Burkholderiales","Comamonadaceae","Acidovorax","","70a06186aa6c679e9d9b9e2856362413"
"184","ASV_30","Brassica_oleraceae","Soil","NetA","Bacteria","Actinobacteriota","Actinobacteria","Micrococcales","Micrococcaceae",NA,NA,"d1316b26e5350da36e6456499ecdfe18"
"185","ASV_315","Brassica_oleraceae","Soil","NetA","Bacteria","Bacteroidota","Bacteroidia","Flavobacteriales","Crocinitomicaceae","Fluviicola","","6a0d39748daa7d0f74c43adf6c7652c7"
"186","ASV_323","Brassica_oleraceae","Soil","NetA","Bacteria","Bacteroidota","Bacteroidia","Chitinophagales","Chitinophagaceae",NA,NA,"c6db1c17cb4f59fbd63310c1b2f8cac2"
"187","ASV_326","Brassica_oleraceae","Soil","NetA","Bacteria","Proteobacteria","Alphaproteobacteria","Rhizobiales","Xanthobacteraceae",NA,NA,"33ebd1d233a340ffeefdc90cf5cc2c7a"
"188","ASV_335","Brassica_oleraceae","Soil","NetA","Bacteria","Bacteroidota","Bacteroidia","Cytophagales","Cytophagaceae","Sporocytophaga","","b811f2f34e5ff4da0cfe70eb0796aabd"
"189","ASV_343","Brassica_oleraceae","Soil","NetA","Bacteria","Proteobacteria","Gammaproteobacteria","Burkholderiales","Burkholderiaceae","Burkholderia-Caballeronia-Paraburkholderia","","6143cc22344994240ed14fba2c3b9760"
"190","ASV_37","Brassica_oleraceae","Soil","NetA","Bacteria","Proteobacteria","Alphaproteobacteria","Rhizobiales","Devosiaceae",NA,NA,"e5d2897df2f464827244b871d67ee050"
"191","ASV_391","Brassica_oleraceae","Soil","NetA","Bacteria","Proteobacteria","Gammaproteobacteria","Burkholderiales","Comamonadaceae","Paucibacter","","2849cd76035dfe40f33118453c3fd429"
"192","ASV_410","Brassica_oleraceae","Soil","NetA","Bacteria","Actinobacteriota","Actinobacteria","Propionibacteriales","Nocardioidaceae","Nocardioides","","dbef6d2d861ec3c17b7d9f3ddd671919"
"193","ASV_421","Brassica_oleraceae","Soil","NetA","Bacteria","Bacteroidota","Bacteroidia","Chitinophagales","Chitinophagaceae","Ferruginibacter","","e06434eb3ace991a000d79758146b4b9"
"194","ASV_45","Brassica_oleraceae","Soil","NetA","Bacteria","Proteobacteria","Gammaproteobacteria","Burkholderiales","Comamonadaceae","Roseateles","","ed2fa8be462f9c21521ffde9f3ba4b76"
"195","ASV_492","Brassica_oleraceae","Soil","NetA","Bacteria","Bacteroidota","Bacteroidia","Sphingobacteriales","Sphingobacteriaceae","Mucilaginibacter","","fee7462eb60215a1c6f80f09c478e5ba"
"196","ASV_51","Brassica_oleraceae","Soil","NetA","Bacteria","Bacteroidota","Bacteroidia","Cytophagales","Microscillaceae","uncultured","","7ee312b23600d406732d329746a4d9bf"
"197","ASV_519","Brassica_oleraceae","Soil","NetA","Bacteria","Verrucomicrobiota","Chlamydiae","Chlamydiales","Parachlamydiaceae","Neochlamydia","","32e980d4cb0f7f5f89490859415eb66a"
"198","ASV_524","Brassica_oleraceae","Soil","NetA","Bacteria","Proteobacteria","Alphaproteobacteria","Rhizobiales","Rhizobiales_Incertae_Sedis","Nordella","","6facb4a6d531f14c944336095e3add8a"
"199","ASV_59","Brassica_oleraceae","Soil","NetA","Bacteria","Proteobacteria","Gammaproteobacteria","Burkholderiales","Comamonadaceae","Acidovorax","","9cce057c75c4bf8792364e8776ec3161"
"200","ASV_594","Brassica_oleraceae","Soil","NetA","Bacteria","Proteobacteria","Alphaproteobacteria","Rhizobiales","Labraceae","Labrys","","912252b6d4278a802d792084892f1b99"
"201","ASV_6","Brassica_oleraceae","Soil","NetA","Bacteria","Proteobacteria","Gammaproteobacteria","Burkholderiales","Comamonadaceae",NA,NA,"51fbe3718b46cca351549f2b7972fc7b"
"202","ASV_77","Brassica_oleraceae","Soil","NetA","Bacteria","Firmicutes","Bacilli","Bacillales","Bacillaceae",NA,NA,"b4b5cc6beec11d1cf7007cacd559c6d0"
"203","ASV_779","Brassica_oleraceae","Soil","NetA","Bacteria","Proteobacteria","Alphaproteobacteria","Rhodobacterales","Rhodobacteraceae","Rhodobacter","","7b85af0e4a51630a4b9b6bbc103f668d"
"204","ASV_801","Brassica_oleraceae","Soil","NetA","Bacteria","Proteobacteria","Gammaproteobacteria","Burkholderiales","Oxalobacteraceae","Duganella","","70f4e1161cb0f9937ee73a1ef342cf8a"
"205","ASV_816","Brassica_oleraceae","Soil","NetA","Bacteria","Proteobacteria","Alphaproteobacteria","Sphingomonadales","Sphingomonadaceae","Sphingomonas","","69d905c9cb6b0a3ddc68f56d0b8f76d2"
"206","ASV_83","Brassica_oleraceae","Soil","NetA","Bacteria","Proteobacteria","Gammaproteobacteria","Burkholderiales","Comamonadaceae",NA,NA,"81b12bb1aa124c6e9bbb5c6309bc056e"
"207","ASV_9","Brassica_oleraceae","Soil","NetA","Bacteria","Proteobacteria","Gammaproteobacteria","Xanthomonadales","Rhodanobacteraceae","Dokdonella","","ac59ca7cc131d8d50d0b5cd4e4e266a8"
"208","ASV_192","Arabidopsis_thaliana","Root","RF","Bacteria","Proteobacteria","Gammaproteobacteria","Burkholderiales","Comamonadaceae","Rubrivivax","","5aba5eee0c4b449febf57b29b7f19a22"
"209","ASV_74","Arabidopsis_thaliana","Root","RF","Bacteria","Proteobacteria","Gammaproteobacteria","Burkholderiales","Oxalobacteraceae","Massilia","","f1d5b6946904c742c2f1b0f0b63b0a5f"
"210","ASV_1387","Arabidopsis_thaliana","Root","RF","Bacteria","Proteobacteria","Gammaproteobacteria","Burkholderiales","Oxalobacteraceae","Massilia","","7cc3238de0c22688f2ccf7f8163deb47"
"211","ASV_114","Arabidopsis_thaliana","Root","RF","Bacteria","Bacteroidota","Bacteroidia","Chitinophagales","Chitinophagaceae","Niastella","","8bdaa05f64e262badd46bb26d8728252"
"212","ASV_143","Arabidopsis_thaliana","Root","RF","Bacteria","Bacteroidota","Bacteroidia","Chitinophagales","Chitinophagaceae","Ferruginibacter","","6fd81067db815cc85c9e00fe64d32714"
"213","ASV_178","Arabidopsis_thaliana","Root","RF","Bacteria","Bacteroidota","Bacteroidia","Chitinophagales","Chitinophagaceae","Niastella","","e3b8081eea11b437d89453903a586ac2"
"214","ASV_553","Arabidopsis_thaliana","Root","RF","Bacteria","Chloroflexi","Ktedonobacteria","Ktedonobacterales","Ktedonobacteraceae","uncultured","","40f989348c8666c6890a6e1b77211153"
"215","ASV_608","Arabidopsis_thaliana","Root","RF","Bacteria","Myxococcota","Polyangia","Polyangiales","BIrii41","BIrii41","","687f4093bc1b72335db1a24f5ce6f3fb"
"216","ASV_483","Arabidopsis_thaliana","Root","RF","Bacteria","Myxococcota","Polyangia","Polyangiales","Polyangiaceae","Pajaroellobacter","","1cc624475d3575f088bd7591b72f5840"
"217","ASV_198","Arabidopsis_thaliana","Root","RF","Bacteria","Acidobacteriota","Holophagae","Holophagales","Holophagaceae","Holophaga","","bdf23000c23effc4a03f6e0d0725583e"
"218","ASV_512","Arabidopsis_thaliana","Root","RF","Bacteria","Spirochaetota","Leptospirae","Leptospirales","Leptospiraceae","Leptospira","","29bf17b87cc2ef5cac6ebcf2c54d19a3"
"219","ASV_909","Arabidopsis_thaliana","Soil","RF","Bacteria","Proteobacteria","Alphaproteobacteria","Caulobacterales","Caulobacteraceae","Asticcacaulis","","70cff8e858020869416fa598764fed87"
"220","ASV_5","Arabidopsis_thaliana","Soil","RF","Bacteria","Proteobacteria","Gammaproteobacteria","Burkholderiales","Comamonadaceae","Rhizobacter","","8302e2e5b5c8bd3f29ccf059eab3b34a"
"221","ASV_192","Arabidopsis_thaliana","Soil","RF","Bacteria","Proteobacteria","Gammaproteobacteria","Burkholderiales","Comamonadaceae","Rubrivivax","","5aba5eee0c4b449febf57b29b7f19a22"
"222","ASV_191","Arabidopsis_thaliana","Soil","RF","Bacteria","Proteobacteria","Gammaproteobacteria","Burkholderiales","Oxalobacteraceae","Massilia","","b5bce3728eb4be4791b5e230156bc32f"
"223","ASV_29","Arabidopsis_thaliana","Soil","RF","Bacteria","Proteobacteria","Alphaproteobacteria","Rhizobiales","Xanthobacteraceae","Bradyrhizobium","","fb75fa1fac5ad54c9d64c653e50a7126"
"224","ASV_473","Arabidopsis_thaliana","Soil","RF","Bacteria","Proteobacteria","Alphaproteobacteria","Rhizobiales","Xanthobacteraceae","uncultured","","e547a85301c7df5c35e7dd85d0b239c9"
"225","ASV_407","Arabidopsis_thaliana","Soil","RF","Bacteria","Bacteroidota","Bacteroidia","Chitinophagales","Chitinophagaceae","Ferruginibacter","","f99dfa932b4f7bf2b0c4da7157fc58ce"
"226","ASV_318","Brassica_oleraceae","Root","RF","Bacteria","Proteobacteria","Gammaproteobacteria","Burkholderiales","Burkholderiaceae","Burkholderia-Caballeronia-Paraburkholderia","","00de25d904b6880dd324da7dca071078"
"227","ASV_10","Brassica_oleraceae","Root","RF","Bacteria","Proteobacteria","Gammaproteobacteria","Burkholderiales","Comamonadaceae","Acidovorax","","c10f089319ce7c050aa0c8e980d33faa"
"228","ASV_67","Brassica_oleraceae","Root","RF","Bacteria","Proteobacteria","Gammaproteobacteria","Burkholderiales","Comamonadaceae",NA,NA,"00f3a4a2243093399302c8ce5667b076"
"229","ASV_83","Brassica_oleraceae","Root","RF","Bacteria","Proteobacteria","Gammaproteobacteria","Burkholderiales","Comamonadaceae",NA,NA,"81b12bb1aa124c6e9bbb5c6309bc056e"
"230","ASV_123","Brassica_oleraceae","Root","RF","Bacteria","Proteobacteria","Gammaproteobacteria","Burkholderiales","Comamonadaceae","Rhizobacter","","f8026ac7b8c5fe3a1f5b5ad89d16a802"
"231","ASV_240","Brassica_oleraceae","Root","RF","Bacteria","Proteobacteria","Gammaproteobacteria","Burkholderiales","Comamonadaceae","Leptothrix","","6ad3f666836b5fcdc9e04c0508b30d76"
"232","ASV_291","Brassica_oleraceae","Root","RF","Bacteria","Proteobacteria","Gammaproteobacteria","Burkholderiales","Comamonadaceae","Leptothrix","","a9ca97ce9e591d43b34a366b4e43a81b"
"233","ASV_293","Brassica_oleraceae","Root","RF","Bacteria","Proteobacteria","Gammaproteobacteria","Burkholderiales","Oxalobacteraceae",NA,NA,"64791e1a79b9633c2608decf06a14e90"
"234","ASV_1385","Brassica_oleraceae","Root","RF","Bacteria","Proteobacteria","Gammaproteobacteria","Burkholderiales","Oxalobacteraceae",NA,NA,"8ba56e2848116396a635ef7bbd2684dd"
"235","ASV_962","Brassica_oleraceae","Root","RF","Bacteria","Proteobacteria","Gammaproteobacteria","Burkholderiales","Rhodocyclaceae","Uliginosibacterium","","4944ad07c4eddb212cf034d78f6a9f10"
"236","ASV_782","Brassica_oleraceae","Root","RF","Bacteria","Bacteroidota","Bacteroidia","Cytophagales","Cytophagaceae","Cytophaga","","3d177893aa585ddf1f146004c955df47"
"237","ASV_959","Brassica_oleraceae","Root","RF","Bacteria","Bacteroidota","Bacteroidia","Flavobacteriales","Flavobacteriaceae","Flavobacterium","","318eb0d9461a5da05f7533927d66bff7"
"238","ASV_100","Brassica_oleraceae","Root","RF","Bacteria","Bacteroidota","Bacteroidia","Sphingobacteriales","Sphingobacteriaceae","Pedobacter","","235c42b49271bd7268fcad55de33b53e"
"239","ASV_413","Brassica_oleraceae","Root","RF","Bacteria","Chloroflexi","Ktedonobacteria","C0119","C0119","C0119","","eaa2f01015bd9f1738d82f44da2bf0f2"
"240","ASV_1091","Brassica_oleraceae","Root","RF","Bacteria","Bdellovibrionota","Oligoflexia","0319-6G20","0319-6G20","0319-6G20","","dff1e3ab8e4573d30272aa11d6d246c7"
"241","ASV_799","Brassica_oleraceae","Root","RF","Bacteria","Planctomycetota","Planctomycetes","Planctomycetales","uncultured","uncultured","","38068d3304d20cf23a1c1b6b9355befe"
"242","ASV_106","Brassica_oleraceae","Root","RF","Bacteria","Verrucomicrobiota","Chlamydiae","Chlamydiales","Parachlamydiaceae","Candidatus_Protochlamydia","","1334a5f4baeb1f92f8e523ca7ae3e4e3"
"243","ASV_12","Brassica_oleraceae","Soil","RF","Bacteria","Proteobacteria","Gammaproteobacteria","Burkholderiales","Comamonadaceae",NA,NA,"628500afb0bc5d9a9be630c3c214f4a4"
"244","ASV_61","Brassica_oleraceae","Soil","RF","Bacteria","Proteobacteria","Gammaproteobacteria","Burkholderiales","Oxalobacteraceae","Massilia","","5ca8370a4d057c58b7feb994ea689519"
"245","ASV_97","Brassica_oleraceae","Soil","RF","Bacteria","Bacteroidota","Bacteroidia","Sphingobacteriales","Sphingobacteriaceae","Mucilaginibacter","","64dcf32a9dfb696e13e589455e444da6"
"246","ASV_101","Brassica_oleraceae","Soil","RF","Bacteria","Bacteroidota","Bacteroidia","Sphingobacteriales","Sphingobacteriaceae","Pedobacter","","5533ff6196254dbb7b11505fc56b8e42"
"247","ASV_496","Brassica_oleraceae","Soil","RF","Bacteria","Bacteroidota","Bacteroidia","Sphingobacteriales","Sphingobacteriaceae","Mucilaginibacter","","e95c5e6fc8a8eb2656e654f5e8c7af22"
"248","ASV_410","Brassica_oleraceae","Soil","RF","Bacteria","Actinobacteriota","Actinobacteria","Propionibacteriales","Nocardioidaceae","Nocardioides","","dbef6d2d861ec3c17b7d9f3ddd671919"
