"","ASV","Plant_Species","Compartment","Treatment","baseMean","log2FoldChange","lfcSE","stat","Domain","Phylum","Class","Order","Family","Genus"
"1","ASV_902","B. oleracea","Root","meJA 1mM",9.11840737502095,-19.0132106391868,4.08789711596698,-4.65109813182989,"Bacteria","Proteobacteria","Alphaproteobacteria","Rhizobiales","Beijerinckiaceae","Methylobacterium-Methylorubrum"
"2","ASV_902","B. oleracea","Root","Caterpillar OS",9.11840737502095,-19.4670461759629,4.08789711596698,-4.76211744662709,"Bacteria","Proteobacteria","Alphaproteobacteria","Rhizobiales","Beijerinckiaceae","Methylobacterium-Methylorubrum"
"3","ASV_320","A. thaliana","Root","meJA 0.1mM",30.6168555103225,22.6968937437797,3.99489020752118,5.68148123346376,"Bacteria","Proteobacteria","Gammaproteobacteria","Burkholderiales","Burkholderiaceae","Burkholderia Complex"
"4","ASV_1464","A. thaliana","Root","meJA 0.1mM",3.59004459845922,20.7925170549132,3.99738664960696,5.20152761728906,"Bacteria","Proteobacteria","Gammaproteobacteria","Burkholderiales","Burkholderiaceae","Cupriavidus"
"5","ASV_16","A. thaliana","Soil","meJA 0.1mM",80.1949717040417,21.0791345544353,2.64179240688225,7.97910331618834,"Bacteria","Proteobacteria","Gammaproteobacteria","Burkholderiales","Burkholderiaceae","Burkholderia Complex"
"6","ASV_320","A. thaliana","Soil","meJA 0.1mM",19.4389478167255,21.257886883562,3.57218129994401,5.95095408060481,"Bacteria","Proteobacteria","Gammaproteobacteria","Burkholderiales","Burkholderiaceae","Burkholderia Complex"
"7","ASV_320","A. thaliana","Root","meJA 1mM",30.6168555103225,19.1404352587253,4.00265099484084,4.78193959038549,"Bacteria","Proteobacteria","Gammaproteobacteria","Burkholderiales","Burkholderiaceae","Burkholderia Complex"
"8","ASV_16","A. thaliana","Root","meJA 1mM",1345.48600060587,8.85370355680494,2.88557526455958,3.06826290949519,"Bacteria","Proteobacteria","Gammaproteobacteria","Burkholderiales","Burkholderiaceae","Burkholderia Complex"
"9","ASV_16","A. thaliana","Soil","meJA 1mM",80.1949717040417,23.5994041183092,2.64028617887591,8.93819931608949,"Bacteria","Proteobacteria","Gammaproteobacteria","Burkholderiales","Burkholderiaceae","Burkholderia Complex"
"10","ASV_320","A. thaliana","Soil","meJA 1mM",19.4389478167255,20.7861388948916,3.57263866836213,5.81814754426901,"Bacteria","Proteobacteria","Gammaproteobacteria","Burkholderiales","Burkholderiaceae","Burkholderia Complex"
"11","ASV_616","A. thaliana","Root","Caterpillar OS",6.3170473795765,22.1387714031245,4.4482286972782,4.97698587679875,"Bacteria","Proteobacteria","Gammaproteobacteria","Burkholderiales","Burkholderiaceae","Burkholderia Complex"
"12","ASV_16","A. thaliana","Soil","Caterpillar OS",80.1949717040417,21.6427233305958,2.64113805691353,8.19446877225636,"Bacteria","Proteobacteria","Gammaproteobacteria","Burkholderiales","Burkholderiaceae","Burkholderia Complex"
"13","ASV_320","A. thaliana","Soil","Caterpillar OS",19.4389478167255,18.6513799783169,3.57822565830669,5.21246611012878,"Bacteria","Proteobacteria","Gammaproteobacteria","Burkholderiales","Burkholderiaceae","Burkholderia Complex"
"14","ASV_1030","A. thaliana","Root","meJA 1mM",21.198137559861,23.0748498617517,3.99544845690727,5.77528407902753,"Bacteria","Proteobacteria","Alphaproteobacteria","Caulobacterales","Caulobacteraceae","uncultured"
"15","ASV_1429","A. thaliana","Root","meJA 0.1mM",3.80903357528003,-21.4883926307993,3.99721827744982,-5.37583667922901,"Bacteria","Proteobacteria","Gammaproteobacteria","Cellvibrionales","Cellvibrionaceae","Cellvibrio"
"16","ASV_1429","A. thaliana","Root","meJA 1mM",3.80903357528003,-20.9905151892805,3.99721827744982,-5.25128069880444,"Bacteria","Proteobacteria","Gammaproteobacteria","Cellvibrionales","Cellvibrionaceae","Cellvibrio"
"17","ASV_1429","A. thaliana","Root","Caterpillar OS",3.80903357528003,-20.8617700654821,4.4877824389759,-4.64856983357747,"Bacteria","Proteobacteria","Gammaproteobacteria","Cellvibrionales","Cellvibrionaceae","Cellvibrio"
"18","ASV_625","A. thaliana","Root","meJA 0.1mM",6.81819304570634,-20.8473519022031,3.64423304373077,-5.72064180639247,"Bacteria","Proteobacteria","Gammaproteobacteria","Burkholderiales","Comamonadaceae",NA
"19","ASV_1210","A. thaliana","Root","meJA 0.1mM",4.90893342071192,-21.5203849584871,3.99661721462959,-5.38465001844856,"Bacteria","Proteobacteria","Gammaproteobacteria","Burkholderiales","Comamonadaceae",NA
"20","ASV_853","A. thaliana","Soil","meJA 0.1mM",9.95482852485016,19.4553205906462,4.16911109331976,4.66653925864912,"Bacteria","Proteobacteria","Gammaproteobacteria","Burkholderiales","Comamonadaceae","Roseateles"
"21","ASV_958","B. oleracea","Root","meJA 0.1mM",7.65724182337963,-22.8653556238422,4.27294594144396,-5.35119234766526,"Bacteria","Proteobacteria","Gammaproteobacteria","Burkholderiales","Comamonadaceae",NA
"22","ASV_1006","B. oleracea","Root","meJA 0.1mM",11.9708028477224,-23.148028109292,4.27245796648962,-5.41796508961588,"Bacteria","Proteobacteria","Gammaproteobacteria","Burkholderiales","Comamonadaceae","Variovorax"
"23","ASV_1127","B. oleracea","Root","meJA 0.1mM",12.1379322719034,-23.210835947616,4.27240179807548,-5.43273714519813,"Bacteria","Proteobacteria","Gammaproteobacteria","Burkholderiales","Comamonadaceae","Aquabacterium"
"24","ASV_669","B. oleracea","Root","meJA 0.1mM",7.9884703154199,19.2670061053533,4.29149519876771,4.48957885607929,"Bacteria","Proteobacteria","Gammaproteobacteria","Burkholderiales","Comamonadaceae","Acidovorax"
"25","ASV_509","B. oleracea","Soil","meJA 0.1mM",18.0339552516576,-23.5225830989865,3.81373190031056,-6.1678648929336,"Bacteria","Proteobacteria","Gammaproteobacteria","Burkholderiales","Comamonadaceae","Candidatus_Symbiobacter"
"26","ASV_706","B. oleracea","Soil","meJA 0.1mM",3.90407145599083,-21.5545994956816,4.16728127666794,-5.1723409255725,"Bacteria","Proteobacteria","Gammaproteobacteria","Burkholderiales","Comamonadaceae","Variovorax"
"27","ASV_439","A. thaliana","Root","meJA 1mM",108.746102607775,24.8879164606186,3.99470611046007,6.23022464542511,"Bacteria","Proteobacteria","Gammaproteobacteria","Burkholderiales","Comamonadaceae","Paucibacter"
"28","ASV_625","A. thaliana","Root","meJA 1mM",6.81819304570634,-20.3839218215031,3.64423304373077,-5.59347373696912,"Bacteria","Proteobacteria","Gammaproteobacteria","Burkholderiales","Comamonadaceae",NA
"29","ASV_986","A. thaliana","Root","meJA 1mM",5.61139958380506,21.5479499847164,3.99800082247277,5.38968122857687,"Bacteria","Proteobacteria","Gammaproteobacteria","Burkholderiales","Comamonadaceae","Rhizobacter"
"30","ASV_1210","A. thaliana","Root","meJA 1mM",4.90893342071192,-21.2989032041484,3.99661721462959,-5.32923271365192,"Bacteria","Proteobacteria","Gammaproteobacteria","Burkholderiales","Comamonadaceae",NA
"31","ASV_853","A. thaliana","Soil","meJA 1mM",9.95482852485016,21.0508700853968,4.16604485828581,5.05296289441744,"Bacteria","Proteobacteria","Gammaproteobacteria","Burkholderiales","Comamonadaceae","Roseateles"
"32","ASV_529","B. oleracea","Root","meJA 1mM",18.4953645437455,21.9687249125661,3.88941897858874,5.64833077472599,"Bacteria","Proteobacteria","Gammaproteobacteria","Burkholderiales","Comamonadaceae","Rhizobacter"
"33","ASV_1006","B. oleracea","Root","meJA 1mM",11.9708028477224,-23.1179423175026,4.27245796648962,-5.41092329025229,"Bacteria","Proteobacteria","Gammaproteobacteria","Burkholderiales","Comamonadaceae","Variovorax"
"34","ASV_1127","B. oleracea","Root","meJA 1mM",12.1379322719034,-23.2010954310585,4.27240179807548,-5.43045727616479,"Bacteria","Proteobacteria","Gammaproteobacteria","Burkholderiales","Comamonadaceae","Aquabacterium"
"35","ASV_958","B. oleracea","Root","meJA 1mM",7.65724182337963,-22.8278649328387,4.27294594144396,-5.34241837965411,"Bacteria","Proteobacteria","Gammaproteobacteria","Burkholderiales","Comamonadaceae",NA
"36","ASV_706","B. oleracea","Root","meJA 1mM",8.67875544749626,-22.4700428358402,4.27308949128847,-5.25850040858021,"Bacteria","Proteobacteria","Gammaproteobacteria","Burkholderiales","Comamonadaceae","Variovorax"
"37","ASV_669","B. oleracea","Root","meJA 1mM",7.9884703154199,20.080281619397,4.28980344629629,4.68093279115942,"Bacteria","Proteobacteria","Gammaproteobacteria","Burkholderiales","Comamonadaceae","Acidovorax"
"38","ASV_509","B. oleracea","Soil","meJA 1mM",18.0339552516576,-23.7021132220186,3.81373190031056,-6.21493955044098,"Bacteria","Proteobacteria","Gammaproteobacteria","Burkholderiales","Comamonadaceae","Candidatus_Symbiobacter"
"39","ASV_706","B. oleracea","Soil","meJA 1mM",3.90407145599083,-21.5950172401535,4.16728127666794,-5.18203975360654,"Bacteria","Proteobacteria","Gammaproteobacteria","Burkholderiales","Comamonadaceae","Variovorax"
"40","ASV_1210","A. thaliana","Root","Caterpillar OS",4.90893342071192,-21.0271094288334,4.48724709619171,-4.68597092562139,"Bacteria","Proteobacteria","Gammaproteobacteria","Burkholderiales","Comamonadaceae",NA
"41","ASV_439","A. thaliana","Root","Caterpillar OS",108.746102607775,16.9008757859684,4.48358020037383,3.76950450993589,"Bacteria","Proteobacteria","Gammaproteobacteria","Burkholderiales","Comamonadaceae","Paucibacter"
"42","ASV_529","B. oleracea","Root","Caterpillar OS",18.4953645437455,21.5874825915821,3.88954119361427,5.55013599728004,"Bacteria","Proteobacteria","Gammaproteobacteria","Burkholderiales","Comamonadaceae","Rhizobacter"
"43","ASV_1127","B. oleracea","Root","Caterpillar OS",12.1379322719034,-23.5266645079554,4.27240179807548,-5.50666009890574,"Bacteria","Proteobacteria","Gammaproteobacteria","Burkholderiales","Comamonadaceae","Aquabacterium"
"44","ASV_706","B. oleracea","Root","Caterpillar OS",8.67875544749626,-22.7189914655393,4.27308949128847,-5.31676004255384,"Bacteria","Proteobacteria","Gammaproteobacteria","Burkholderiales","Comamonadaceae","Variovorax"
"45","ASV_958","B. oleracea","Root","Caterpillar OS",7.65724182337963,-22.4450400797077,4.27294594144396,-5.25282565875917,"Bacteria","Proteobacteria","Gammaproteobacteria","Burkholderiales","Comamonadaceae",NA
"46","ASV_706","B. oleracea","Soil","Caterpillar OS",3.90407145599083,-21.5817266066449,4.16728127666794,-5.17885047200394,"Bacteria","Proteobacteria","Gammaproteobacteria","Burkholderiales","Comamonadaceae","Variovorax"
"47","ASV_1130","B. oleracea","Root","meJA 0.1mM",3.09023028332208,-21.3983915364532,4.27512405250404,-5.00532645922161,"Bacteria","Proteobacteria","Gammaproteobacteria","Diplorickettsiales","Diplorickettsiaceae","Rickettsiella"
"48","ASV_1130","B. oleracea","Root","meJA 1mM",3.09023028332208,-21.3024766937475,4.27512405250403,-4.98289088974393,"Bacteria","Proteobacteria","Gammaproteobacteria","Diplorickettsiales","Diplorickettsiaceae","Rickettsiella"
"49","ASV_1130","B. oleracea","Root","Caterpillar OS",3.09023028332208,-21.675007873029,4.27512405250404,-5.07003015744852,"Bacteria","Proteobacteria","Gammaproteobacteria","Diplorickettsiales","Diplorickettsiaceae","Rickettsiella"
"50","ASV_1540","B. oleracea","Root","meJA 0.1mM",6.52990027285942,-22.3525459178584,4.27320282028712,-5.23086473025318,"Bacteria","Proteobacteria","Gammaproteobacteria","Burkholderiales","Methylophilaceae","Methylophilus"
"51","ASV_1540","B. oleracea","Root","meJA 1mM",6.52990027285942,-22.2874206797059,4.27320282028713,-5.21562434946824,"Bacteria","Proteobacteria","Gammaproteobacteria","Burkholderiales","Methylophilaceae","Methylophilus"
"52","ASV_1540","B. oleracea","Root","Caterpillar OS",6.52990027285942,-22.7726602980863,4.27320282028713,-5.32917843028011,"Bacteria","Proteobacteria","Gammaproteobacteria","Burkholderiales","Methylophilaceae","Methylophilus"
"53","ASV_576","A. thaliana","Root","meJA 0.1mM",21.6356695209155,-24.1055372114629,3.99500697166365,-6.03391618148405,"Bacteria","Proteobacteria","Alphaproteobacteria","Micropepsales","Micropepsaceae","uncultured"
"54","ASV_1450","A. thaliana","Root","meJA 0.1mM",4.36349637396615,-21.8254203421458,3.99687871747123,-5.46061611695701,"Bacteria","Proteobacteria","Alphaproteobacteria","Micropepsales","Micropepsaceae","uncultured"
"55","ASV_576","A. thaliana","Root","meJA 1mM",21.6356695209155,-23.4806922108422,3.99500697166365,-5.87750969582516,"Bacteria","Proteobacteria","Alphaproteobacteria","Micropepsales","Micropepsaceae","uncultured"
"56","ASV_1054","A. thaliana","Root","meJA 1mM",26.4250755883199,23.5002010477548,3.99526573471552,5.88201201325801,"Bacteria","Proteobacteria","Alphaproteobacteria","Micropepsales","Micropepsaceae","uncultured"
"57","ASV_1390","A. thaliana","Root","meJA 1mM",14.3740795782619,22.7850289060277,3.9958865760606,5.70212103680144,"Bacteria","Proteobacteria","Alphaproteobacteria","Micropepsales","Micropepsaceae","uncultured"
"58","ASV_1450","A. thaliana","Root","meJA 1mM",4.36349637396615,-21.155918277685,3.99687871747123,-5.29310989227865,"Bacteria","Proteobacteria","Alphaproteobacteria","Micropepsales","Micropepsaceae","uncultured"
"59","ASV_576","A. thaliana","Root","Caterpillar OS",21.6356695209155,-22.9803031220949,4.48581299876892,-5.12288477660606,"Bacteria","Proteobacteria","Alphaproteobacteria","Micropepsales","Micropepsaceae","uncultured"
"60","ASV_1450","A. thaliana","Root","Caterpillar OS",4.36349637396615,-21.0415106336092,4.48748000434268,-4.68893691186294,"Bacteria","Proteobacteria","Alphaproteobacteria","Micropepsales","Micropepsaceae","uncultured"
"61","ASV_1366","A. thaliana","Root","meJA 0.1mM",4.86348033348311,-21.8844400586655,3.9966372994932,-5.47571331064758,"Bacteria","Proteobacteria","Gammaproteobacteria","Pseudomonadales","Moraxellaceae","uncultured"
"62","ASV_1366","A. thaliana","Root","meJA 1mM",4.86348033348311,-21.3089112258738,3.9966372994932,-5.33171004248394,"Bacteria","Proteobacteria","Gammaproteobacteria","Pseudomonadales","Moraxellaceae","uncultured"
"63","ASV_1366","A. thaliana","Root","Caterpillar OS",4.86348033348311,-21.1728509169648,4.48726498471334,-4.71843115775286,"Bacteria","Proteobacteria","Gammaproteobacteria","Pseudomonadales","Moraxellaceae","uncultured"
"64","ASV_147","A. thaliana","Root","meJA 0.1mM",47.6775015070781,22.0233021121399,3.31327489934612,6.6469890912119,"Bacteria","Proteobacteria","Gammaproteobacteria","Burkholderiales","Oxalobacteraceae","uncultured"
"65","ASV_893","A. thaliana","Root","meJA 0.1mM",4.4530496790609,21.2289602538581,3.99683209663207,5.31144660085839,"Bacteria","Proteobacteria","Gammaproteobacteria","Burkholderiales","Oxalobacteraceae","Massilia"
"66","ASV_1279","A. thaliana","Soil","meJA 0.1mM",5.07248139644129,21.4246525373331,4.16678750727265,5.14176748872815,"Bacteria","Proteobacteria","Gammaproteobacteria","Burkholderiales","Oxalobacteraceae","Duganella"
"67","ASV_893","A. thaliana","Soil","meJA 0.1mM",4.70820515516479,20.4234589491626,4.16729011556072,4.90089683770781,"Bacteria","Proteobacteria","Gammaproteobacteria","Burkholderiales","Oxalobacteraceae","Massilia"
"68","ASV_774","A. thaliana","Soil","meJA 0.1mM",6.22096516423127,-18.2797934284065,4.18549159096617,-4.36741850535812,"Bacteria","Proteobacteria","Gammaproteobacteria","Burkholderiales","Oxalobacteraceae","Noviherbaspirillum"
"69","ASV_1209","B. oleracea","Root","meJA 0.1mM",4.17033284081558,-22.0733415487758,4.2741793033104,-5.1643461779153,"Bacteria","Proteobacteria","Gammaproteobacteria","Burkholderiales","Oxalobacteraceae","Massilia"
"70","ASV_812","B. oleracea","Root","meJA 0.1mM",7.94257466311123,19.5554099163969,4.29041801077747,4.55792649277389,"Bacteria","Proteobacteria","Gammaproteobacteria","Burkholderiales","Oxalobacteraceae","Duganella"
"71","ASV_815","B. oleracea","Root","meJA 0.1mM",7.6962641754924,15.5097566737699,4.03007547090231,3.8485027850601,"Bacteria","Proteobacteria","Gammaproteobacteria","Burkholderiales","Oxalobacteraceae","Duganella"
"72","ASV_305","B. oleracea","Soil","meJA 0.1mM",5.62662804906295,17.8834192706796,4.13807497336557,4.32167599325411,"Bacteria","Proteobacteria","Gammaproteobacteria","Burkholderiales","Oxalobacteraceae","Undibacterium"
"73","ASV_503","A. thaliana","Root","meJA 1mM",48.1576130195223,25.841046865256,3.99493178134806,6.4684576056856,"Bacteria","Proteobacteria","Gammaproteobacteria","Burkholderiales","Oxalobacteraceae",NA
"74","ASV_147","A. thaliana","Root","meJA 1mM",47.6775015070781,21.1745372903063,3.31483441937037,6.38781145947203,"Bacteria","Proteobacteria","Gammaproteobacteria","Burkholderiales","Oxalobacteraceae","uncultured"
"75","ASV_414","A. thaliana","Root","meJA 1mM",45.4912677442216,24.432308588353,3.99495548439898,6.11578994653772,"Bacteria","Proteobacteria","Gammaproteobacteria","Burkholderiales","Oxalobacteraceae",NA
"76","ASV_502","A. thaliana","Root","meJA 1mM",21.1298949274274,-22.0893251114458,3.84984384844956,-5.73771975721608,"Bacteria","Proteobacteria","Gammaproteobacteria","Burkholderiales","Oxalobacteraceae","Massilia"
"77","ASV_818","A. thaliana","Root","meJA 1mM",6.5903091262102,18.2271760365198,4.01345759484206,4.54151454345617,"Bacteria","Proteobacteria","Gammaproteobacteria","Burkholderiales","Oxalobacteraceae","Noviherbaspirillum"
"78","ASV_1084","A. thaliana","Root","meJA 1mM",4.87297753685734,17.1031849825843,4.03196238756368,4.24190092530077,"Bacteria","Proteobacteria","Gammaproteobacteria","Burkholderiales","Oxalobacteraceae",NA
"79","ASV_503","A. thaliana","Soil","meJA 1mM",9.99390117301819,22.4563020296222,4.16567496768635,5.39079553825454,"Bacteria","Proteobacteria","Gammaproteobacteria","Burkholderiales","Oxalobacteraceae",NA
"80","ASV_1133","A. thaliana","Soil","meJA 1mM",3.33343055405038,20.6881727327552,4.16787678644252,4.96371984892901,"Bacteria","Proteobacteria","Gammaproteobacteria","Burkholderiales","Oxalobacteraceae",NA
"81","ASV_774","A. thaliana","Soil","meJA 1mM",6.22096516423127,-18.2624985014621,4.18549159096617,-4.36328639170588,"Bacteria","Proteobacteria","Gammaproteobacteria","Burkholderiales","Oxalobacteraceae","Noviherbaspirillum"
"82","ASV_893","A. thaliana","Soil","meJA 1mM",4.70820515516479,17.5784210259669,4.183676994806,4.20166782660096,"Bacteria","Proteobacteria","Gammaproteobacteria","Burkholderiales","Oxalobacteraceae","Massilia"
"83","ASV_815","B. oleracea","Root","meJA 1mM",7.6962641754924,20.6335806295391,3.97640787471457,5.18900004215995,"Bacteria","Proteobacteria","Gammaproteobacteria","Burkholderiales","Oxalobacteraceae","Duganella"
"84","ASV_1209","B. oleracea","Root","meJA 1mM",4.17033284081558,-22.0108257255758,4.2741793033104,-5.14971978562719,"Bacteria","Proteobacteria","Gammaproteobacteria","Burkholderiales","Oxalobacteraceae","Massilia"
"85","ASV_812","B. oleracea","Root","meJA 1mM",7.94257466311123,19.3475743246671,4.29078083619072,4.50910336913025,"Bacteria","Proteobacteria","Gammaproteobacteria","Burkholderiales","Oxalobacteraceae","Duganella"
"86","ASV_670","B. oleracea","Soil","meJA 1mM",9.42212332916678,-22.5290941767191,3.88981397265848,-5.79181789542539,"Bacteria","Proteobacteria","Gammaproteobacteria","Burkholderiales","Oxalobacteraceae","Massilia"
"87","ASV_305","B. oleracea","Soil","meJA 1mM",5.62662804906295,19.7969116249544,4.13063219212441,4.79270743657588,"Bacteria","Proteobacteria","Gammaproteobacteria","Burkholderiales","Oxalobacteraceae","Undibacterium"
"88","ASV_147","A. thaliana","Root","Caterpillar OS",47.6775015070781,22.4912380325642,3.68086364484148,6.11031545927663,"Bacteria","Proteobacteria","Gammaproteobacteria","Burkholderiales","Oxalobacteraceae","uncultured"
"89","ASV_502","A. thaliana","Root","Caterpillar OS",21.1298949274274,-21.622480829395,4.32404358140712,-5.00052333477145,"Bacteria","Proteobacteria","Gammaproteobacteria","Burkholderiales","Oxalobacteraceae","Massilia"
"90","ASV_774","A. thaliana","Root","Caterpillar OS",7.6378845589425,22.4722580623471,4.44793890810056,5.05228568257103,"Bacteria","Proteobacteria","Gammaproteobacteria","Burkholderiales","Oxalobacteraceae","Noviherbaspirillum"
"91","ASV_1090","A. thaliana","Root","Caterpillar OS",4.07736694499938,21.6230602483821,4.44915199111103,4.86004081037979,"Bacteria","Proteobacteria","Gammaproteobacteria","Burkholderiales","Oxalobacteraceae",NA
"92","ASV_818","A. thaliana","Root","Caterpillar OS",6.5903091262102,21.2541358856171,4.4484540318242,4.77787018446525,"Bacteria","Proteobacteria","Gammaproteobacteria","Burkholderiales","Oxalobacteraceae","Noviherbaspirillum"
"93","ASV_1084","A. thaliana","Root","Caterpillar OS",4.87297753685734,20.7715041523594,4.4489808456892,4.66882301201314,"Bacteria","Proteobacteria","Gammaproteobacteria","Burkholderiales","Oxalobacteraceae",NA
"94","ASV_1090","A. thaliana","Soil","Caterpillar OS",3.45284516522286,20.9621334750329,4.1676482015577,5.02972718935299,"Bacteria","Proteobacteria","Gammaproteobacteria","Burkholderiales","Oxalobacteraceae",NA
"95","ASV_1209","B. oleracea","Root","Caterpillar OS",4.17033284081558,-21.6372116576621,4.2741793033104,-5.06230790105223,"Bacteria","Proteobacteria","Gammaproteobacteria","Burkholderiales","Oxalobacteraceae","Massilia"
"96","ASV_812","B. oleracea","Root","Caterpillar OS",7.94257466311123,16.3154743436524,4.30924490127261,3.78615621006689,"Bacteria","Proteobacteria","Gammaproteobacteria","Burkholderiales","Oxalobacteraceae","Duganella"
"97","ASV_670","B. oleracea","Soil","Caterpillar OS",9.42212332916678,-22.4633487844407,3.88981397265848,-5.77491595802155,"Bacteria","Proteobacteria","Gammaproteobacteria","Burkholderiales","Oxalobacteraceae","Massilia"
"98","ASV_406","B. oleracea","Soil","Caterpillar OS",6.77995557943952,-19.3393065036401,3.7899687179317,-5.10276151149716,"Bacteria","Proteobacteria","Gammaproteobacteria","Burkholderiales","Oxalobacteraceae","Undibacterium"
"99","ASV_305","B. oleracea","Soil","Caterpillar OS",5.62662804906295,17.3552089860123,4.1434568246774,4.1885820753939,"Bacteria","Proteobacteria","Gammaproteobacteria","Burkholderiales","Oxalobacteraceae","Undibacterium"
"100","ASV_952","A. thaliana","Root","meJA 0.1mM",8.49972731178824,-22.5663220291709,3.99573775123745,-5.64759837458859,"Bacteria","Proteobacteria","Gammaproteobacteria","Pseudomonadales","Pseudomonadaceae","Pseudomonas"
"101","ASV_1441","B. oleracea","Root","meJA 0.1mM",3.86037761331847,20.7420049485299,4.29053909161369,4.83435869144563,"Bacteria","Proteobacteria","Gammaproteobacteria","Pseudomonadales","Pseudomonadaceae","Pseudomonas"
"102","ASV_952","A. thaliana","Root","meJA 1mM",8.49972731178824,-22.2188553320996,3.99573775123745,-5.56063903974143,"Bacteria","Proteobacteria","Gammaproteobacteria","Pseudomonadales","Pseudomonadaceae","Pseudomonas"
"103","ASV_1031","A. thaliana","Root","meJA 1mM",6.92072615335957,21.8724887041252,3.99734524806995,5.47175371321403,"Bacteria","Proteobacteria","Gammaproteobacteria","Pseudomonadales","Pseudomonadaceae","Pseudomonas"
"104","ASV_952","A. thaliana","Root","Caterpillar OS",8.49972731178824,-21.810588092596,4.48646382306965,-4.86142069851199,"Bacteria","Proteobacteria","Gammaproteobacteria","Pseudomonadales","Pseudomonadaceae","Pseudomonas"
"105","ASV_679","B. oleracea","Root","meJA 0.1mM",9.88827101555475,17.4199716401221,4.10738394629886,4.24113544481741,"Bacteria","Proteobacteria","Alphaproteobacteria","Rhizobiales","Rhizobiaceae","Allorhizobium-Neorhizobium-Pararhizobium-Rhizobium"
"106","ASV_868","B. oleracea","Soil","meJA 0.1mM",5.86173729792886,20.4017521777381,3.87010594075995,5.27162627846099,"Bacteria","Proteobacteria","Alphaproteobacteria","Rhizobiales","Rhizobiaceae","Allorhizobium-Neorhizobium-Pararhizobium-Rhizobium"
"107","ASV_1034","A. thaliana","Root","meJA 1mM",6.05081768779338,21.7588821612048,3.99774841076758,5.44278426891477,"Bacteria","Proteobacteria","Alphaproteobacteria","Rhizobiales","Rhizobiaceae","Ochrobactrum"
"108","ASV_679","B. oleracea","Root","meJA 1mM",9.88827101555475,19.3052702064302,4.09835114525792,4.71049686134576,"Bacteria","Proteobacteria","Alphaproteobacteria","Rhizobiales","Rhizobiaceae","Allorhizobium-Neorhizobium-Pararhizobium-Rhizobium"
"109","ASV_868","B. oleracea","Soil","meJA 1mM",5.86173729792886,17.8009605411543,3.88072500278348,4.58701931427411,"Bacteria","Proteobacteria","Alphaproteobacteria","Rhizobiales","Rhizobiaceae","Allorhizobium-Neorhizobium-Pararhizobium-Rhizobium"
"110","ASV_679","B. oleracea","Root","Caterpillar OS",9.88827101555475,19.9561538869727,4.09685178004311,4.87109491834307,"Bacteria","Proteobacteria","Alphaproteobacteria","Rhizobiales","Rhizobiaceae","Allorhizobium-Neorhizobium-Pararhizobium-Rhizobium"
"111","ASV_1178","A. thaliana","Root","meJA 0.1mM",15.7492576817956,-18.7789009506132,4.01326842003279,-4.67920382720372,"Bacteria","Proteobacteria","Gammaproteobacteria","Xanthomonadales","Rhodanobacteraceae","Dokdonella"
"112","ASV_840","A. thaliana","Root","meJA 1mM",11.1342002977706,-23.2809370745008,3.99547174283547,-5.82683061549549,"Bacteria","Proteobacteria","Gammaproteobacteria","Xanthomonadales","Rhodanobacteraceae","Luteibacter"
"113","ASV_665","B. oleracea","Root","meJA 1mM",9.35779692194834,-22.6057168641198,3.68198068377326,-6.13955335609029,"Bacteria","Proteobacteria","Gammaproteobacteria","Xanthomonadales","Rhodanobacteraceae","Rhodanobacter"
"114","ASV_796","B. oleracea","Root","meJA 1mM",8.86596470558371,-22.5840482333362,3.89049589131995,-5.80492792287052,"Bacteria","Proteobacteria","Gammaproteobacteria","Xanthomonadales","Rhodanobacteraceae","Rhodanobacter"
"115","ASV_840","A. thaliana","Root","Caterpillar OS",11.1342002977706,-21.786212409697,4.48622691604441,-4.85624397013478,"Bacteria","Proteobacteria","Gammaproteobacteria","Xanthomonadales","Rhodanobacteraceae","Luteibacter"
"116","ASV_665","A. thaliana","Root","Caterpillar OS",24.9237817086065,-18.3931689767156,4.15992867666907,-4.42151065711141,"Bacteria","Proteobacteria","Gammaproteobacteria","Xanthomonadales","Rhodanobacteraceae","Rhodanobacter"
"117","ASV_1178","A. thaliana","Root","Caterpillar OS",15.7492576817956,-18.4934466813756,4.50208379890836,-4.10775265575015,"Bacteria","Proteobacteria","Gammaproteobacteria","Xanthomonadales","Rhodanobacteraceae","Dokdonella"
"118","ASV_665","B. oleracea","Root","Caterpillar OS",9.35779692194834,-22.9973470420963,3.68198068377326,-6.24591735188811,"Bacteria","Proteobacteria","Gammaproteobacteria","Xanthomonadales","Rhodanobacteraceae","Rhodanobacter"
"119","ASV_1156","A. thaliana","Root","meJA 0.1mM",6.07327578025622,-22.1432179191836,3.99621832648875,-5.54104308375954,"Bacteria","Proteobacteria","Alphaproteobacteria","Sphingomonadales","Sphingomonadaceae","Novosphingobium"
"120","ASV_728","A. thaliana","Root","meJA 0.1mM",45.9289251204514,-20.0869159821799,4.00135295035657,-5.02003103235117,"Bacteria","Proteobacteria","Alphaproteobacteria","Sphingomonadales","Sphingomonadaceae",NA
"121","ASV_338","A. thaliana","Root","meJA 1mM",156.372562684728,25.9792536990343,3.99465091768581,6.50351037784413,"Bacteria","Proteobacteria","Alphaproteobacteria","Sphingomonadales","Sphingomonadaceae","Sphingomonas"
"122","ASV_698","A. thaliana","Root","meJA 1mM",53.5761147917036,24.1731975685771,3.99489073031259,6.05102847623711,"Bacteria","Proteobacteria","Alphaproteobacteria","Sphingomonadales","Sphingomonadaceae","Sphingobium"
"123","ASV_1148","A. thaliana","Root","meJA 1mM",5.86079512086306,21.5934908436692,3.99785410189132,5.40127035487705,"Bacteria","Proteobacteria","Alphaproteobacteria","Sphingomonadales","Sphingomonadaceae","Sphingomonas"
"124","ASV_1156","A. thaliana","Root","meJA 1mM",6.07327578025622,-21.4431887804789,3.99621832648875,-5.36587018740786,"Bacteria","Proteobacteria","Alphaproteobacteria","Sphingomonadales","Sphingomonadaceae","Novosphingobium"
"125","ASV_1156","A. thaliana","Root","Caterpillar OS",6.07327578025622,-21.9543364991298,4.48689183155335,-4.8929943763608,"Bacteria","Proteobacteria","Alphaproteobacteria","Sphingomonadales","Sphingomonadaceae","Novosphingobium"
"126","ASV_577","A. thaliana","Root","Caterpillar OS",59.8549921649013,-19.9846610935095,4.48998267992349,-4.4509439163026,"Bacteria","Proteobacteria","Alphaproteobacteria","Sphingomonadales","Sphingomonadaceae","Hephaestia"
"127","ASV_728","A. thaliana","Root","Caterpillar OS",45.9289251204514,-19.2749726338304,4.49146547851008,-4.29146627666485,"Bacteria","Proteobacteria","Alphaproteobacteria","Sphingomonadales","Sphingomonadaceae",NA
"128","ASV_808","B. oleracea","Root","meJA 0.1mM",5.67729435453581,-19.2037630956046,4.28984348735472,-4.47656497310729,"Bacteria","Proteobacteria","Gammaproteobacteria","Gammaproteobacteria_Incertae_Sedis","Unknown_Family","Acidibacter"
"129","ASV_998","A. thaliana","Root","meJA 1mM",29.4741227715876,23.5098679449001,3.99518920806293,5.88454431581199,"Bacteria","Proteobacteria","Gammaproteobacteria","Gammaproteobacteria_Incertae_Sedis","Unknown_Family","Acidibacter"
"130","ASV_808","B. oleracea","Root","meJA 1mM",5.67729435453581,-19.1615878943406,4.28984348735472,-4.46673356518102,"Bacteria","Proteobacteria","Gammaproteobacteria","Gammaproteobacteria_Incertae_Sedis","Unknown_Family","Acidibacter"
"131","ASV_788","A. thaliana","Root","meJA 0.1mM",25.9972121028654,-22.3336486080416,3.99687802159282,-5.58777337896875,"Bacteria","Proteobacteria","Alphaproteobacteria","Rhizobiales","Xanthobacteraceae","Rhodoplanes"
"132","ASV_1289","B. oleracea","Root","meJA 0.1mM",6.37625556055685,-22.4122781803378,4.27324471895585,-5.2447916406281,"Bacteria","Proteobacteria","Alphaproteobacteria","Rhizobiales","Xanthobacteraceae","Rhodopseudomonas"
"133","ASV_328","A. thaliana","Root","meJA 1mM",164.503355173442,26.2151302762955,3.99464473773748,6.5625686381171,"Bacteria","Proteobacteria","Alphaproteobacteria","Rhizobiales","Xanthobacteraceae",NA
"134","ASV_467","A. thaliana","Root","meJA 1mM",100.037786155783,24.6915651035378,3.99472118335989,6.18104843121247,"Bacteria","Proteobacteria","Alphaproteobacteria","Rhizobiales","Xanthobacteraceae","Pseudorhodoplanes"
"135","ASV_911","A. thaliana","Root","meJA 1mM",6.5441219503452,21.8201248710662,3.9975035703799,5.45843786926063,"Bacteria","Proteobacteria","Alphaproteobacteria","Rhizobiales","Xanthobacteraceae",NA
"136","ASV_1289","B. oleracea","Root","meJA 1mM",6.37625556055685,-22.3652396879956,4.27324471895585,-5.23378396486042,"Bacteria","Proteobacteria","Alphaproteobacteria","Rhizobiales","Xanthobacteraceae","Rhodopseudomonas"
"137","ASV_788","A. thaliana","Root","Caterpillar OS",25.9972121028654,-20.5623948770787,4.48747938455268,-4.58217032658935,"Bacteria","Proteobacteria","Alphaproteobacteria","Rhizobiales","Xanthobacteraceae","Rhodoplanes"
"138","ASV_1289","B. oleracea","Root","Caterpillar OS",6.37625556055685,-22.5391993586246,4.27324471895585,-5.27449300028198,"Bacteria","Proteobacteria","Alphaproteobacteria","Rhizobiales","Xanthobacteraceae","Rhodopseudomonas"
"139","ASV_354","B. oleracea","Soil","meJA 0.1mM",12.4844482823443,-23.1164412002361,4.16542473762056,-5.54960001832636,"Bacteria","Bacteroidota","Bacteroidia","Chitinophagales","Chitinophagaceae","Taibaiella"
"140","ASV_990","A. thaliana","Root","meJA 1mM",17.1327413155041,23.224541101616,3.99566736325416,5.81243106350609,"Bacteria","Bacteroidota","Bacteroidia","Chitinophagales","Chitinophagaceae","Puia"
"141","ASV_354","B. oleracea","Root","meJA 1mM",48.9774367467147,-24.9944192197724,4.27170629448816,-5.85115583719392,"Bacteria","Bacteroidota","Bacteroidia","Chitinophagales","Chitinophagaceae","Taibaiella"
"142","ASV_354","B. oleracea","Soil","meJA 1mM",12.4844482823443,-23.2155971136253,4.16542473762055,-5.57340453278408,"Bacteria","Bacteroidota","Bacteroidia","Chitinophagales","Chitinophagaceae","Taibaiella"
"143","ASV_354","B. oleracea","Root","Caterpillar OS",48.9774367467147,-25.426629107286,4.27170629448816,-5.95233551990555,"Bacteria","Bacteroidota","Bacteroidia","Chitinophagales","Chitinophagaceae","Taibaiella"
"144","ASV_354","B. oleracea","Soil","Caterpillar OS",12.4844482823443,-23.1327188475506,4.16542473762056,-5.55350781845235,"Bacteria","Bacteroidota","Bacteroidia","Chitinophagales","Chitinophagaceae","Taibaiella"
"145","ASV_266","A. thaliana","Root","meJA 0.1mM",48.1866555728092,24.649554358793,3.99473917572431,6.17050407410483,"Bacteria","Bacteroidota","Bacteroidia","Flavobacteriales","Flavobacteriaceae","Flavobacterium"
"146","ASV_451","A. thaliana","Root","meJA 0.1mM",21.3670168834767,19.5878840788933,3.67570780801804,5.32901011232859,"Bacteria","Bacteroidota","Bacteroidia","Flavobacteriales","Flavobacteriaceae","Flavobacterium"
"147","ASV_266","A. thaliana","Soil","meJA 0.1mM",8.17773931922284,22.2131925223694,4.16594754585867,5.33208646480712,"Bacteria","Bacteroidota","Bacteroidia","Flavobacteriales","Flavobacteriaceae","Flavobacterium"
"148","ASV_266","B. oleracea","Root","meJA 0.1mM",6.00982342980766,14.9836111681657,4.18360822678612,3.58150437515424,"Bacteria","Bacteroidota","Bacteroidia","Flavobacteriales","Flavobacteriaceae","Flavobacterium"
"149","ASV_209","A. thaliana","Root","meJA 1mM",86.3424139259827,-25.6952814287812,3.99465389307841,-6.43241745506507,"Bacteria","Bacteroidota","Bacteroidia","Flavobacteriales","Flavobacteriaceae","Flavobacterium"
"150","ASV_274","A. thaliana","Root","meJA 1mM",15.850442352647,-19.4853155405822,3.37955366889211,-5.76564761197293,"Bacteria","Bacteroidota","Bacteroidia","Flavobacteriales","Flavobacteriaceae","Flavobacterium"
"151","ASV_451","A. thaliana","Root","meJA 1mM",21.3670168834767,18.8950070140342,3.68256394364853,5.13093792889142,"Bacteria","Bacteroidota","Bacteroidia","Flavobacteriales","Flavobacteriaceae","Flavobacterium"
"152","ASV_989","A. thaliana","Root","meJA 1mM",6.66679234596158,19.7055598288136,4.00090121785706,4.92528026957091,"Bacteria","Bacteroidota","Bacteroidia","Flavobacteriales","Flavobacteriaceae","Flavobacterium"
"153","ASV_493","B. oleracea","Root","meJA 1mM",19.1681266725751,-22.0261223354501,3.32973293586487,-6.61498166961218,"Bacteria","Bacteroidota","Bacteroidia","Flavobacteriales","Flavobacteriaceae","Flavobacterium"
"154","ASV_266","B. oleracea","Root","meJA 1mM",6.00982342980766,15.0093315885564,4.18290152898911,3.58825840975122,"Bacteria","Bacteroidota","Bacteroidia","Flavobacteriales","Flavobacteriaceae","Flavobacterium"
"155","ASV_209","A. thaliana","Root","Caterpillar OS",86.3424139259827,-24.7130531285314,4.48549855966339,-5.50954432373867,"Bacteria","Bacteroidota","Bacteroidia","Flavobacteriales","Flavobacteriaceae","Flavobacterium"
"156","ASV_451","A. thaliana","Root","Caterpillar OS",21.3670168834767,22.4183667152135,4.08539324759768,5.48744401249405,"Bacteria","Bacteroidota","Bacteroidia","Flavobacteriales","Flavobacteriaceae","Flavobacterium"
"157","ASV_1137","A. thaliana","Root","Caterpillar OS",4.88641361123671,21.7726860642289,4.4487179602577,4.89414843978279,"Bacteria","Bacteroidota","Bacteroidia","Flavobacteriales","Flavobacteriaceae","Flavobacterium"
"158","ASV_989","A. thaliana","Root","Caterpillar OS",6.66679234596158,20.5320484693125,4.4494822131399,4.61448040149002,"Bacteria","Bacteroidota","Bacteroidia","Flavobacteriales","Flavobacteriaceae","Flavobacterium"
"159","ASV_1039","B. oleracea","Root","Caterpillar OS",6.6644716048006,21.4368672698804,4.28905455670216,4.99804024091574,"Bacteria","Bacteroidota","Bacteroidia","Flavobacteriales","Flavobacteriaceae","Flavobacterium"
"160","ASV_266","B. oleracea","Root","Caterpillar OS",6.00982342980766,20.1701627587395,4.11412175497707,4.90266549217669,"Bacteria","Bacteroidota","Bacteroidia","Flavobacteriales","Flavobacteriaceae","Flavobacterium"
"161","ASV_607","B. oleracea","Root","Caterpillar OS",10.4498005655944,-19.2704619649113,4.00095905260789,-4.81646068143351,"Bacteria","Bacteroidota","Bacteroidia","Flavobacteriales","Flavobacteriaceae","Flavobacterium"
"162","ASV_1235","A. thaliana","Root","meJA 0.1mM",5.31801120577125,-21.252345744675,3.99645850754456,-5.31779466859336,"Bacteria","Bacteroidota","Bacteroidia","Sphingobacteriales","Sphingobacteriaceae","Mucilaginibacter"
"163","ASV_1011","A. thaliana","Root","meJA 1mM",26.7154610343454,24.4532417854037,3.99525846484306,6.12056566567196,"Bacteria","Bacteroidota","Bacteroidia","Sphingobacteriales","Sphingobacteriaceae","Mucilaginibacter"
"164","ASV_1038","A. thaliana","Root","meJA 1mM",6.8423337567251,-23.5903307107341,3.99610778841039,-5.90332692705421,"Bacteria","Bacteroidota","Bacteroidia","Sphingobacteriales","Sphingobacteriaceae","Mucilaginibacter"
"165","ASV_1235","A. thaliana","Root","meJA 1mM",5.31801120577125,-21.2766397800345,3.99645850754456,-5.32387355951983,"Bacteria","Bacteroidota","Bacteroidia","Sphingobacteriales","Sphingobacteriaceae","Mucilaginibacter"
"166","ASV_836","A. thaliana","Root","Caterpillar OS",6.89320727209116,-21.4548559059087,4.28702881122034,-5.00459802130449,"Bacteria","Bacteroidota","Bacteroidia","Sphingobacteriales","Sphingobacteriaceae","Mucilaginibacter"
"167","ASV_1235","A. thaliana","Root","Caterpillar OS",5.31801120577125,-21.470010495436,4.48710574487115,-4.78482382992125,"Bacteria","Bacteroidota","Bacteroidia","Sphingobacteriales","Sphingobacteriaceae","Mucilaginibacter"
"168","ASV_1038","A. thaliana","Root","Caterpillar OS",6.8423337567251,-20.7949932145255,4.48679338352017,-4.63471157172173,"Bacteria","Bacteroidota","Bacteroidia","Sphingobacteriales","Sphingobacteriaceae","Mucilaginibacter"
"169","ASV_1037","A. thaliana","Root","meJA 0.1mM",9.82055673179509,18.9877299872003,4.00049935859912,4.74633996538105,"Bacteria","Actinobacteriota","Thermoleophilia","Solirubrobacterales","67-14","67-14"
"170","ASV_1037","A. thaliana","Root","meJA 1mM",9.82055673179509,21.2252685081341,3.99693424389741,5.31038721503643,"Bacteria","Actinobacteriota","Thermoleophilia","Solirubrobacterales","67-14","67-14"
"171","ASV_956","B. oleracea","Root","meJA 0.1mM",5.83849906749783,-22.263364612784,4.27340827693984,-5.20974434690024,"Bacteria","Actinobacteriota","Actinobacteria","Micrococcales","Microbacteriaceae",NA
"172","ASV_956","B. oleracea","Root","meJA 1mM",5.83849906749783,-22.2528322513811,4.27340827693984,-5.20727971896853,"Bacteria","Actinobacteriota","Actinobacteria","Micrococcales","Microbacteriaceae",NA
"173","ASV_956","B. oleracea","Root","Caterpillar OS",5.83849906749783,-22.4426031231087,4.27340827693984,-5.25168710048452,"Bacteria","Actinobacteriota","Actinobacteria","Micrococcales","Microbacteriaceae",NA
"174","ASV_78","B. oleracea","Root","meJA 0.1mM",12.7837700012102,19.1316959122455,4.11646149558435,4.64760715793594,"Bacteria","Actinobacteriota","Actinobacteria","Micrococcales","Micrococcaceae",NA
"175","ASV_78","B. oleracea","Root","meJA 1mM",12.7837700012102,20.600128582114,4.11405387644929,5.00725785338847,"Bacteria","Actinobacteriota","Actinobacteria","Micrococcales","Micrococcaceae",NA
"176","ASV_605","B. oleracea","Root","meJA 1mM",7.12442478326206,20.4965290013736,4.28927124281446,4.77855743809863,"Bacteria","Actinobacteriota","Actinobacteria","Micrococcales","Micrococcaceae",NA
"177","ASV_78","B. oleracea","Root","Caterpillar OS",12.7837700012102,17.6448413868708,4.12143038445438,4.28124212735107,"Bacteria","Actinobacteriota","Actinobacteria","Micrococcales","Micrococcaceae",NA
"178","ASV_605","B. oleracea","Root","Caterpillar OS",7.12442478326206,16.2094664892299,4.31416355365838,3.75726749522149,"Bacteria","Actinobacteriota","Actinobacteria","Micrococcales","Micrococcaceae",NA
"179","ASV_453","A. thaliana","Root","meJA 1mM",40.6795621162102,23.8560181252767,3.99500619101726,5.97145961348363,"Bacteria","Actinobacteriota","Actinobacteria","Micromonosporales","Micromonosporaceae","Actinoplanes"
"180","ASV_914","A. thaliana","Root","meJA 1mM",13.2010278176559,22.8491231156794,3.9960049414371,5.7179917068526,"Bacteria","Actinobacteriota","Actinobacteria","Micromonosporales","Micromonosporaceae","Actinoplanes"
"181","ASV_748","A. thaliana","Root","meJA 0.1mM",13.7011235859851,-23.5984119622608,3.99535540374036,-5.90646127254873,"Bacteria","Actinobacteriota","Actinobacteria","Pseudonocardiales","Pseudonocardiaceae","Saccharothrix"
"182","ASV_190","A. thaliana","Root","meJA 0.1mM",307.535361207254,15.5904170324679,4.04528031792033,3.85397693292189,"Bacteria","Actinobacteriota","Actinobacteria","Pseudonocardiales","Pseudonocardiaceae","Kutzneria"
"183","ASV_190","A. thaliana","Root","meJA 1mM",307.535361207254,26.1673929759444,3.99458950727312,6.55070888468022,"Bacteria","Actinobacteriota","Actinobacteria","Pseudonocardiales","Pseudonocardiaceae","Kutzneria"
"184","ASV_748","A. thaliana","Root","Caterpillar OS",13.7011235859851,-22.1819573425667,4.48612330549682,-4.94457147786983,"Bacteria","Actinobacteriota","Actinobacteria","Pseudonocardiales","Pseudonocardiaceae","Saccharothrix"
"185","ASV_1184","A. thaliana","Root","meJA 0.1mM",5.19907273636188,-25.3059813194979,3.99673900211705,-6.33165721006388,"Bacteria","Actinobacteriota","Actinobacteria","Streptomycetales","Streptomycetaceae","Streptomyces"
"186","ASV_1165","A. thaliana","Root","meJA 0.1mM",6.97429288886953,21.8707210545234,3.99599960788391,5.4731539541129,"Bacteria","Actinobacteriota","Actinobacteria","Streptomycetales","Streptomycetaceae","Streptomyces"
"187","ASV_415","A. thaliana","Root","meJA 1mM",12.4893032070831,-19.1327351958434,3.13779810008123,-6.09750359506819,"Bacteria","Actinobacteriota","Actinobacteria","Streptomycetales","Streptomycetaceae","Streptomyces"
"188","ASV_1060","A. thaliana","Root","meJA 1mM",11.2227991676101,22.6971509431216,3.99626534843334,5.67959055872494,"Bacteria","Actinobacteriota","Actinobacteria","Streptomycetales","Streptomycetaceae","Streptomyces"
"189","ASV_1063","A. thaliana","Root","Caterpillar OS",7.2618237802158,22.3934102992581,4.44800981979113,5.03447861100037,"Bacteria","Actinobacteriota","Actinobacteria","Streptomycetales","Streptomycetaceae","Streptomyces"
"190","ASV_1067","A. thaliana","Root","Caterpillar OS",5.51305953126677,22.0945171106303,4.44847345963516,4.96676383732822,"Bacteria","Actinobacteriota","Actinobacteria","Streptomycetales","Streptomycetaceae","Streptomyces"
"191","ASV_1184","A. thaliana","Root","Caterpillar OS",5.19907273636188,-19.6964551603726,4.4873555661259,-4.3893234824218,"Bacteria","Actinobacteriota","Actinobacteria","Streptomycetales","Streptomycetaceae","Streptomyces"
"192","ASV_527","A. thaliana","Root","meJA 0.1mM",61.2540740689431,-20.387832544583,3.89939166815282,-5.22846491956548,"Bacteria","Actinobacteriota","Actinobacteria","Streptosporangiales","Streptosporangiaceae","Nonomuraea"
"193","ASV_1447","A. thaliana","Root","meJA 1mM",13.9385014092237,22.7024454969759,3.99592898317788,5.6813936365108,"Bacteria","Actinobacteriota","Actinobacteria","Streptosporangiales","Streptosporangiaceae","Nonomuraea"
"194","ASV_527","A. thaliana","Root","Caterpillar OS",61.2540740689431,-20.2453785823687,4.37855428072056,-4.62375873048146,"Bacteria","Actinobacteriota","Actinobacteria","Streptosporangiales","Streptosporangiaceae","Nonomuraea"
"195","ASV_224","A. thaliana","Root","meJA 0.1mM",15.3407136579157,-22.777101110366,3.65643392264955,-6.22932113425452,"Bacteria","Firmicutes","Bacilli","Bacillales","Bacillaceae","Bacillus"
"196","ASV_235","B. oleracea","Root","meJA 0.1mM",7.36834381932345,21.561200223218,4.27260365980363,5.04638434546698,"Bacteria","Firmicutes","Bacilli","Bacillales","Bacillaceae","Bacillus"
"197","ASV_755","A. thaliana","Soil","meJA 0.1mM",8.87547192391194,22.2589060265175,4.16583791780321,5.34320020742798,"Bacteria","Firmicutes","Bacilli","Exiguobacterales","Exiguobacteraceae","Exiguobacterium"
"198","ASV_979","B. oleracea","Root","meJA 0.1mM",7.16826543788514,-22.335084740948,4.27327866363516,-5.22668576028416,"Bacteria","Firmicutes","Bacilli","Paenibacillales","Paenibacillaceae","Paenibacillus"
"199","ASV_979","B. oleracea","Root","meJA 1mM",7.16826543788514,-22.3314817724903,4.27327866363516,-5.22584262115345,"Bacteria","Firmicutes","Bacilli","Paenibacillales","Paenibacillaceae","Paenibacillus"
"200","ASV_207","B. oleracea","Root","meJA 0.1mM",7.16275425071816,20.5723139657439,4.28927554169661,4.79622112539933,"Bacteria","Firmicutes","Bacilli","Bacillales","Planococcaceae","Sporosarcina"
"201","ASV_207","B. oleracea","Root","Caterpillar OS",7.16275425071816,15.85498762968,4.32271074508227,3.66783450586358,"Bacteria","Firmicutes","Bacilli","Bacillales","Planococcaceae","Sporosarcina"
"202","ASV_437","A. thaliana","Root","meJA 1mM",29.7838133030001,21.1383884157538,3.99686195398258,5.28874618616512,"Bacteria","Firmicutes","Bacilli","Bacillales","Sporolactobacillaceae","Scopulibacillus"
"203","ASV_1026","A. thaliana","Root","meJA 1mM",8.71353289479597,18.9375936545949,4.0052688548396,4.72817040277146,"Bacteria","Firmicutes","Bacilli","Bacillales","Sporolactobacillaceae","Scopulibacillus"
"204","ASV_437","A. thaliana","Root","Caterpillar OS",29.7838133030001,23.0816360035682,4.4470448846364,5.19033124295874,"Bacteria","Firmicutes","Bacilli","Bacillales","Sporolactobacillaceae","Scopulibacillus"
"205","ASV_1026","A. thaliana","Root","Caterpillar OS",8.71353289479597,21.453154098227,4.44808530294236,4.82300869635661,"Bacteria","Firmicutes","Bacilli","Bacillales","Sporolactobacillaceae","Scopulibacillus"
"206","ASV_772","A. thaliana","Root","meJA 1mM",14.0544356873851,-22.9289720275448,3.99532650286507,-5.73894824643301,"Bacteria","Myxococcota","Polyangia","Polyangiales","BIrii41","BIrii41"
"207","ASV_772","A. thaliana","Root","Caterpillar OS",14.0544356873851,-22.3289160395494,4.48609756673502,-4.97735854100035,"Bacteria","Myxococcota","Polyangia","Polyangiales","BIrii41","BIrii41"
"208","ASV_1327","A. thaliana","Root","meJA 1mM",15.5356213623639,22.7213577392893,3.99578470597852,5.68633182495881,"Bacteria","Myxococcota","Polyangia","Haliangiales","Haliangiaceae","Haliangium"
"209","ASV_896","A. thaliana","Root","meJA 1mM",13.7109387634023,21.9776011860135,3.99595034019497,5.49996854689171,"Bacteria","Myxococcota","Polyangia","Haliangiales","Haliangiaceae","Haliangium"
"210","ASV_1273","A. thaliana","Root","meJA 0.1mM",4.23657816026044,-21.5464472920335,3.99694742682499,-5.39072571918943,"Bacteria","Myxococcota","Polyangia","Polyangiales","Polyangiaceae","Aetherobacter"
"211","ASV_1273","A. thaliana","Root","meJA 1mM",4.23657816026044,-20.991422273175,3.99694742682499,-5.25186349269792,"Bacteria","Myxococcota","Polyangia","Polyangiales","Polyangiaceae","Aetherobacter"
"212","ASV_1273","A. thaliana","Root","Caterpillar OS",4.23657816026044,-20.9687075349164,4.48754120102068,-4.67264958595747,"Bacteria","Myxococcota","Polyangia","Polyangiales","Polyangiaceae","Aetherobacter"
"213","ASV_568","A. thaliana","Root","meJA 1mM",24.5018581623399,21.9350312628171,3.73671771419258,5.87013334710961,"Bacteria","Patescibacteria","Saccharimonadia","Saccharimonadales","Saccharimonadaceae","TM7a"
"214","ASV_1043","A. thaliana","Root","meJA 1mM",6.73620448769186,-23.1681272370283,3.99611926893077,-5.79765659577707,"Bacteria","Patescibacteria","Saccharimonadia","Saccharimonadales","Saccharimonadaceae","TM7a"
"215","ASV_356","A. thaliana","Root","meJA 1mM",42.8978240596084,18.5032706668284,4.01345560411425,4.61030904337409,"Bacteria","Patescibacteria","Saccharimonadia","Saccharimonadales","Saccharimonadaceae","TM7a"
"216","ASV_356","A. thaliana","Root","Caterpillar OS",42.8978240596084,24.4409758483919,4.44680328771124,5.49630245977703,"Bacteria","Patescibacteria","Saccharimonadia","Saccharimonadales","Saccharimonadaceae","TM7a"
"217","ASV_568","A. thaliana","Root","Caterpillar OS",24.5018581623399,22.0223711465152,4.15644429231882,5.29836793126588,"Bacteria","Patescibacteria","Saccharimonadia","Saccharimonadales","Saccharimonadaceae","TM7a"
"218","ASV_1043","A. thaliana","Root","Caterpillar OS",6.73620448769186,-20.9377112394282,4.48680360833837,-4.6665094056083,"Bacteria","Patescibacteria","Saccharimonadia","Saccharimonadales","Saccharimonadaceae","TM7a"
"219","ASV_252","A. thaliana","Root","meJA 1mM",90.1409238536078,24.9661349677785,3.99474268216241,6.24974796981516,"Bacteria","Patescibacteria","Saccharimonadia","Saccharimonadales","Saccharimonadales","Saccharimonadales"
"220","ASV_1360","A. thaliana","Root","Caterpillar OS",4.81151514271967,21.9304033400754,4.44875296546679,4.92956194922689,"Bacteria","Chloroflexi","Ktedonobacteria","Ktedonobacterales","Ktedonobacteraceae","uncultured"
"221","ASV_1369","A. thaliana","Root","Caterpillar OS",4.5887598120382,21.7240360414816,4.44886057869614,4.88305615723487,"Bacteria","Chloroflexi","Anaerolineae","RBG-13-54-9","RBG-13-54-9","RBG-13-54-9"
"222","ASV_1713","A. thaliana","Root","Caterpillar OS",3.07402356340423,21.2312392688101,4.44999978929312,4.77106523013627,"Bacteria","Chloroflexi","Anaerolineae","RBG-13-54-9","RBG-13-54-9","RBG-13-54-9"
"223","ASV_876","A. thaliana","Root","meJA 1mM",36.5885661992122,24.6350623480751,3.9950601722608,6.16638080175253,"Bacteria","Acidobacteriota","Acidobacteriae","Acidobacteriales","Acidobacteriaceae_(Subgroup_1)","Granulicella"
"224","ASV_523","A. thaliana","Root","Caterpillar OS",25.6263277320999,-18.2503927652148,3.07509383680157,-5.93490596833206,"Bacteria","Acidobacteriota","Vicinamibacteria","Vicinamibacterales","Vicinamibacteraceae","Vicinamibacter"
