ASV,baseMean,log2FoldChange,lfcSE,stat,pvalue,padj,Domain,Phylum,Class,Order,Family,Genus,Species,DADA2_ID,Compartment,Treatment,ASV_Label,Condition,Label_full
ASV_902,9.118407375020949,-19.013210639186788,4.087897115966977,-4.651098131829886,3.301721604991152e-6,2.8253303448424284e-4,d__Bacteria,Proteobacteria,c__Alphaproteobacteria,o__Rhizobiales,Beijerinckiaceae,Methylobacterium-Methylorubrum,B. oleracea,ad2281ce47473ddbb0457df697779754,Root,meJA 1mM,ASV_902 (Beijerinckiaceae),B. oleracea-Root-meJA 1mM,Beijerinckiaceae | Methylobacterium-Methylorubrum_ASV-902
ASV_902,9.118407375020949,-19.467046175962903,4.087897115966977,-4.762117446627089,1.9157212779144137e-6,3.120231031403101e-4,d__Bacteria,Proteobacteria,c__Alphaproteobacteria,o__Rhizobiales,Beijerinckiaceae,Methylobacterium-Methylorubrum,B. oleracea,ad2281ce47473ddbb0457df697779754,Root,Caterpillar OS,ASV_902 (Beijerinckiaceae),B. oleracea-Root-Caterpillar OS,Beijerinckiaceae | Methylobacterium-Methylorubrum_ASV-902
ASV_320,30.616855510322488,22.696893743779732,3.994890207521182,5.681481233463758,1.3353316877458793e-8,4.912351446295154e-6,d__Bacteria,Proteobacteria,c__Gammaproteobacteria,o__Burkholderiales,Burkholderiaceae,Burkholderia Complex,A. thaliana,1103ca8bb142d451387040be2c4d353b,Root,meJA 0.1mM,ASV_320 (Burkholderiaceae),A. thaliana-Root-meJA 0.1mM,Burkholderiaceae | Burkholderia Complex_ASV-320
ASV_1464,3.590044598459217,20.792517054913183,3.997386649606962,5.201527617289056,1.976570932313226e-7,2.644112842635375e-5,d__Bacteria,Proteobacteria,c__Gammaproteobacteria,o__Burkholderiales,Burkholderiaceae,Cupriavidus,A. thaliana,44a3ce117ff47c43331eab21259fb5c9,Root,meJA 0.1mM,ASV_1464 (Burkholderiaceae),A. thaliana-Root-meJA 0.1mM,Burkholderiaceae | Cupriavidus_ASV-1464
ASV_16,80.19497170404169,21.07913455443531,2.6417924068822454,7.979103316188343,1.4740015923628252e-15,4.780187164032642e-12,d__Bacteria,Proteobacteria,c__Gammaproteobacteria,o__Burkholderiales,Burkholderiaceae,Burkholderia Complex,A. thaliana,47e1a48800fe5d17f09e178ed259ae4b,Soil,meJA 0.1mM,ASV_16 (Burkholderiaceae),A. thaliana-Soil-meJA 0.1mM,Burkholderiaceae | Burkholderia Complex_ASV-16
ASV_320,19.43894781672546,21.257886883561998,3.57218129994401,5.9509540806048085,2.6658387776686786e-9,4.322657577989762e-6,d__Bacteria,Proteobacteria,c__Gammaproteobacteria,o__Burkholderiales,Burkholderiaceae,Burkholderia Complex,A. thaliana,1103ca8bb142d451387040be2c4d353b,Soil,meJA 0.1mM,ASV_320 (Burkholderiaceae),A. thaliana-Soil-meJA 0.1mM,Burkholderiaceae | Burkholderia Complex_ASV-320
ASV_320,30.616855510322488,19.14043525872529,4.002650994840843,4.781939590385489,1.7361185737761783e-6,3.729316244053829e-5,d__Bacteria,Proteobacteria,c__Gammaproteobacteria,o__Burkholderiales,Burkholderiaceae,Burkholderia Complex,A. thaliana,1103ca8bb142d451387040be2c4d353b,Root,meJA 1mM,ASV_320 (Burkholderiaceae),A. thaliana-Root-meJA 1mM,Burkholderiaceae | Burkholderia Complex_ASV-320
ASV_16,1345.486000605874,8.85370355680494,2.885575264559581,3.0682629094951923,0.002153071020350458,0.04219263736370985,d__Bacteria,Proteobacteria,c__Gammaproteobacteria,o__Burkholderiales,Burkholderiaceae,Burkholderia Complex,A. thaliana,47e1a48800fe5d17f09e178ed259ae4b,Root,meJA 1mM,ASV_16 (Burkholderiaceae),A. thaliana-Root-meJA 1mM,Burkholderiaceae | Burkholderia Complex_ASV-16
ASV_16,80.19497170404169,23.59940411830918,2.6402861788759098,8.938199316089486,3.955631315011475e-19,1.2828112354582213e-15,d__Bacteria,Proteobacteria,c__Gammaproteobacteria,o__Burkholderiales,Burkholderiaceae,Burkholderia Complex,A. thaliana,47e1a48800fe5d17f09e178ed259ae4b,Soil,meJA 1mM,ASV_16 (Burkholderiaceae),A. thaliana-Soil-meJA 1mM,Burkholderiaceae | Burkholderia Complex_ASV-16
ASV_320,19.43894781672546,20.786138894891632,3.5726386683621283,5.818147544269013,5.950336893253693e-9,9.648471272410863e-6,d__Bacteria,Proteobacteria,c__Gammaproteobacteria,o__Burkholderiales,Burkholderiaceae,Burkholderia Complex,A. thaliana,1103ca8bb142d451387040be2c4d353b,Soil,meJA 1mM,ASV_320 (Burkholderiaceae),A. thaliana-Soil-meJA 1mM,Burkholderiaceae | Burkholderia Complex_ASV-320
ASV_616,6.317047379576502,22.1387714031245,4.448228697278199,4.976985876798751,6.458203187552257e-7,1.3357180326205388e-4,d__Bacteria,Proteobacteria,c__Gammaproteobacteria,o__Burkholderiales,Burkholderiaceae,Burkholderia Complex,A. thaliana,c8b70b28b3c5a8f23135035b85ba090a,Root,Caterpillar OS,ASV_616 (Burkholderiaceae),A. thaliana-Root-Caterpillar OS,Burkholderiaceae | Burkholderia Complex_ASV-616
ASV_16,80.19497170404169,21.642723330595754,2.6411380569135297,8.194468772256357,2.5170230422887107e-16,8.162705726142289e-13,d__Bacteria,Proteobacteria,c__Gammaproteobacteria,o__Burkholderiales,Burkholderiaceae,Burkholderia Complex,A. thaliana,47e1a48800fe5d17f09e178ed259ae4b,Soil,Caterpillar OS,ASV_16 (Burkholderiaceae),A. thaliana-Soil-Caterpillar OS,Burkholderiaceae | Burkholderia Complex_ASV-16
ASV_320,19.43894781672546,18.651379978316854,3.578225658306687,5.212466110128781,1.8634661879963292e-7,3.021610423836048e-4,d__Bacteria,Proteobacteria,c__Gammaproteobacteria,o__Burkholderiales,Burkholderiaceae,Burkholderia Complex,A. thaliana,1103ca8bb142d451387040be2c4d353b,Soil,Caterpillar OS,ASV_320 (Burkholderiaceae),A. thaliana-Soil-Caterpillar OS,Burkholderiaceae | Burkholderia Complex_ASV-320
ASV_1030,21.19813755986103,23.07484986175165,3.9954484569072695,5.775284079027527,7.682335915210914e-9,3.575487173871079e-7,d__Bacteria,Proteobacteria,c__Alphaproteobacteria,o__Caulobacterales,Caulobacteraceae,uncultured,A. thaliana,8e2b5c0e954ba820672a80821c2b81b0,Root,meJA 1mM,ASV_1030 (Caulobacteraceae),A. thaliana-Root-meJA 1mM,Caulobacteraceae | uncultured_ASV-1030
ASV_1429,3.8090335752800324,-21.48839263079935,3.997218277449819,-5.375836679229013,7.622786602708319e-8,1.3196388806923874e-5,d__Bacteria,Proteobacteria,c__Gammaproteobacteria,o__Cellvibrionales,Cellvibrionaceae,Cellvibrio,A. thaliana,2eb5f63d947550207e8ab28d4dffcf73,Root,meJA 0.1mM,ASV_1429 (Cellvibrionaceae),A. thaliana-Root-meJA 0.1mM,Cellvibrionaceae | Cellvibrio_ASV-1429
ASV_1429,3.8090335752800324,-20.990515189280543,3.997218277449819,-5.251280698804435,1.5104529211540685e-7,3.443216148834887e-6,d__Bacteria,Proteobacteria,c__Gammaproteobacteria,o__Cellvibrionales,Cellvibrionaceae,Cellvibrio,A. thaliana,2eb5f63d947550207e8ab28d4dffcf73,Root,meJA 1mM,ASV_1429 (Cellvibrionaceae),A. thaliana-Root-meJA 1mM,Cellvibrionaceae | Cellvibrio_ASV-1429
ASV_1429,3.8090335752800324,-20.861770065482062,4.4877824389758985,-4.648569833577465,3.342444607832853e-6,2.893180729662378e-4,d__Bacteria,Proteobacteria,c__Gammaproteobacteria,o__Cellvibrionales,Cellvibrionaceae,Cellvibrio,A. thaliana,2eb5f63d947550207e8ab28d4dffcf73,Root,Caterpillar OS,ASV_1429 (Cellvibrionaceae),A. thaliana-Root-Caterpillar OS,Cellvibrionaceae | Cellvibrio_ASV-1429
ASV_625,6.8181930457063356,-20.847351902203144,3.6442330437307717,-5.720641806392473,1.0612241328998843e-8,4.461689461606228e-6,d__Bacteria,Proteobacteria,c__Gammaproteobacteria,o__Burkholderiales,Comamonadaceae,NA,A. thaliana,c19a7f74111d06c300dd83888ffb8638,Root,meJA 0.1mM,ASV_625 (Comamonadaceae),A. thaliana-Root-meJA 0.1mM,Comamonadaceae | ASV-625
ASV_1210,4.908933420711924,-21.520384958487053,3.996617214629592,-5.384650018448557,7.258574285565686e-8,1.3196388806923874e-5,d__Bacteria,Proteobacteria,c__Gammaproteobacteria,o__Burkholderiales,Comamonadaceae,NA,A. thaliana,8967c58b2343596d18409d9ed3d4102e,Root,meJA 0.1mM,ASV_1210 (Comamonadaceae),A. thaliana-Root-meJA 0.1mM,Comamonadaceae | ASV-1210
ASV_853,9.954828524850157,19.455320590646227,4.169111093319762,4.666539258649121,3.0631514091155793e-6,0.0014191142885374034,d__Bacteria,Proteobacteria,c__Gammaproteobacteria,o__Burkholderiales,Comamonadaceae,Roseateles,A. thaliana,f67af674f903f414c1ca4583cf164f04,Soil,meJA 0.1mM,ASV_853 (Comamonadaceae),A. thaliana-Soil-meJA 0.1mM,Comamonadaceae | Roseateles_ASV-853
ASV_958,7.6572418233796284,-22.86535562384222,4.2729459414439575,-5.351192347665257,8.737658623794242e-8,7.03996065335617e-5,d__Bacteria,Proteobacteria,c__Gammaproteobacteria,o__Burkholderiales,Comamonadaceae,NA,B. oleracea,ed1ae188788174b0846a859012b3079a,Root,meJA 0.1mM,ASV_958 (Comamonadaceae),B. oleracea-Root-meJA 0.1mM,Comamonadaceae | ASV-958
ASV_1006,11.970802847722402,-23.148028109292028,4.272457966489621,-5.4179650896158815,6.028118246975729e-8,7.03996065335617e-5,d__Bacteria,Proteobacteria,c__Gammaproteobacteria,o__Burkholderiales,Comamonadaceae,Variovorax,B. oleracea,ea61b233d2a6f31cac48d4aafb2c1dd5,Root,meJA 0.1mM,ASV_1006 (Comamonadaceae),B. oleracea-Root-meJA 0.1mM,Comamonadaceae | Variovorax_ASV-1006
ASV_1127,12.137932271903393,-23.210835947615976,4.272401798075484,-5.432737145198133,5.549612704569426e-8,7.03996065335617e-5,d__Bacteria,Proteobacteria,c__Gammaproteobacteria,o__Burkholderiales,Comamonadaceae,Aquabacterium,B. oleracea,d46634844c91e24babe92054caaa7847,Root,meJA 0.1mM,ASV_1127 (Comamonadaceae),B. oleracea-Root-meJA 0.1mM,Comamonadaceae | Aquabacterium_ASV-1127
ASV_669,7.988470315419904,19.267006105353286,4.291495198767706,4.489578856079291,7.136412556793794e-6,0.00123546536040222,d__Bacteria,Proteobacteria,c__Gammaproteobacteria,o__Burkholderiales,Comamonadaceae,Acidovorax,B. oleracea,4348f925b84982d439b6e9ebd442ca03,Root,meJA 0.1mM,ASV_669 (Comamonadaceae),B. oleracea-Root-meJA 0.1mM,Comamonadaceae | Acidovorax_ASV-669
ASV_509,18.033955251657577,-23.522583098986455,3.813731900310564,-6.167864892933595,6.921824617429612e-10,1.8211320568457311e-6,d__Bacteria,Proteobacteria,c__Gammaproteobacteria,o__Burkholderiales,Comamonadaceae,Candidatus_Symbiobacter,B. oleracea,9c23d51b961b683baa92f3051a192150,Soil,meJA 0.1mM,ASV_509 (Comamonadaceae),B. oleracea-Soil-meJA 0.1mM,Comamonadaceae | Candidatus_Symbiobacter_ASV-509
ASV_706,3.9040714559908256,-21.554599495681593,4.167281276667939,-5.172340925572499,2.3117928716241978e-7,1.5205817613108162e-4,d__Bacteria,Proteobacteria,c__Gammaproteobacteria,o__Burkholderiales,Comamonadaceae,Variovorax,B. oleracea,47082eb92759c2179725fe69f11672c5,Soil,meJA 0.1mM,ASV_706 (Comamonadaceae),B. oleracea-Soil-meJA 0.1mM,Comamonadaceae | Variovorax_ASV-706
ASV_439,108.74610260777533,24.88791646061861,3.9947061104600685,6.230224645425112,4.657668006660945e-10,6.503268954300344e-8,d__Bacteria,Proteobacteria,c__Gammaproteobacteria,o__Burkholderiales,Comamonadaceae,Paucibacter,A. thaliana,4d6c276ca1a266bbaea4e467e479005d,Root,meJA 1mM,ASV_439 (Comamonadaceae),A. thaliana-Root-meJA 1mM,Comamonadaceae | Paucibacter_ASV-439
ASV_625,6.8181930457063356,-20.383921821503105,3.644233043730772,-5.593473736969118,2.2257090609229874e-8,7.533687942578718e-7,d__Bacteria,Proteobacteria,c__Gammaproteobacteria,o__Burkholderiales,Comamonadaceae,NA,A. thaliana,c19a7f74111d06c300dd83888ffb8638,Root,meJA 1mM,ASV_625 (Comamonadaceae),A. thaliana-Root-meJA 1mM,Comamonadaceae | ASV-625
ASV_986,5.611399583805058,21.54794998471636,3.9980008224727697,5.389681228576867,7.05827698702484e-8,1.9710238486266866e-6,d__Bacteria,Proteobacteria,c__Gammaproteobacteria,o__Burkholderiales,Comamonadaceae,Rhizobacter,A. thaliana,6a0216560b4d6af2dd16fc9622a5ad33,Root,meJA 1mM,ASV_986 (Comamonadaceae),A. thaliana-Root-meJA 1mM,Comamonadaceae | Rhizobacter_ASV-986
ASV_1210,4.908933420711924,-21.29890320414843,3.996617214629593,-5.329232713651917,9.862855431912637e-8,2.5620487249875387e-6,d__Bacteria,Proteobacteria,c__Gammaproteobacteria,o__Burkholderiales,Comamonadaceae,NA,A. thaliana,8967c58b2343596d18409d9ed3d4102e,Root,meJA 1mM,ASV_1210 (Comamonadaceae),A. thaliana-Root-meJA 1mM,Comamonadaceae | ASV-1210
ASV_853,9.954828524850157,21.050870085396785,4.166044858285814,5.0529628944174405,4.3500843377374555e-7,3.526830876820642e-4,d__Bacteria,Proteobacteria,c__Gammaproteobacteria,o__Burkholderiales,Comamonadaceae,Roseateles,A. thaliana,f67af674f903f414c1ca4583cf164f04,Soil,meJA 1mM,ASV_853 (Comamonadaceae),A. thaliana-Soil-meJA 1mM,Comamonadaceae | Roseateles_ASV-853
ASV_529,18.495364543745502,21.968724912566145,3.8894189785887434,5.648330774725995,1.6201322343964543e-8,5.8227552504208564e-006,d__Bacteria,Proteobacteria,c__Gammaproteobacteria,o__Burkholderiales,Comamonadaceae,Rhizobacter,B. oleracea,0d76e8899d287e80e20b058410eb0fd1,Root,meJA 1mM,ASV_529 (Comamonadaceae),B. oleracea-Root-meJA 1mM,Comamonadaceae | Rhizobacter_ASV-529
ASV_1006,11.970802847722402,-23.11794231750263,4.272457966489619,-5.410923290252293,6.270062824443317e-8,1.609614699360663e-5,d__Bacteria,Proteobacteria,c__Gammaproteobacteria,o__Burkholderiales,Comamonadaceae,Variovorax,B. oleracea,ea61b233d2a6f31cac48d4aafb2c1dd5,Root,meJA 1mM,ASV_1006 (Comamonadaceae),B. oleracea-Root-meJA 1mM,Comamonadaceae | Variovorax_ASV-1006
ASV_1127,12.137932271903393,-23.201095431058544,4.272401798075484,-5.430457276164789,5.620983548271473e-8,1.609614699360663e-5,d__Bacteria,Proteobacteria,c__Gammaproteobacteria,o__Burkholderiales,Comamonadaceae,Aquabacterium,B. oleracea,d46634844c91e24babe92054caaa7847,Root,meJA 1mM,ASV_1127 (Comamonadaceae),B. oleracea-Root-meJA 1mM,Comamonadaceae | Aquabacterium_ASV-1127
ASV_958,7.6572418233796284,-22.82786493283865,4.272945941443959,-5.342418379654112,9.171467144530536e-8,2.0601408073401718e-5,d__Bacteria,Proteobacteria,c__Gammaproteobacteria,o__Burkholderiales,Comamonadaceae,NA,B. oleracea,ed1ae188788174b0846a859012b3079a,Root,meJA 1mM,ASV_958 (Comamonadaceae),B. oleracea-Root-meJA 1mM,Comamonadaceae | ASV-958
ASV_706,8.678755447496261,-22.4700428358402,4.273089491288468,-5.258500408580208,1.4523486318237035e-7,2.6489039952802914e-5,d__Bacteria,Proteobacteria,c__Gammaproteobacteria,o__Burkholderiales,Comamonadaceae,Variovorax,B. oleracea,47082eb92759c2179725fe69f11672c5,Root,meJA 1mM,ASV_706 (Comamonadaceae),B. oleracea-Root-meJA 1mM,Comamonadaceae | Variovorax_ASV-706
ASV_669,7.988470315419904,20.080281619396963,4.289803446296286,4.680932791159417,2.8557255677196685e-6,2.565869422596122e-4,d__Bacteria,Proteobacteria,c__Gammaproteobacteria,o__Burkholderiales,Comamonadaceae,Acidovorax,B. oleracea,4348f925b84982d439b6e9ebd442ca03,Root,meJA 1mM,ASV_669 (Comamonadaceae),B. oleracea-Root-meJA 1mM,Comamonadaceae | Acidovorax_ASV-669
ASV_509,18.033955251657577,-23.702113222018575,3.8137319003105645,-6.214939550440983,5.134441219415331e-10,1.3508714848281735e-6,d__Bacteria,Proteobacteria,c__Gammaproteobacteria,o__Burkholderiales,Comamonadaceae,Candidatus_Symbiobacter,B. oleracea,9c23d51b961b683baa92f3051a192150,Soil,meJA 1mM,ASV_509 (Comamonadaceae),B. oleracea-Soil-meJA 1mM,Comamonadaceae | Candidatus_Symbiobacter_ASV-509
ASV_706,3.9040714559908256,-21.595017240153478,4.167281276667939,-5.18203975360654,2.1947242137839335e-7,0.00014435798516163823,d__Bacteria,Proteobacteria,c__Gammaproteobacteria,o__Burkholderiales,Comamonadaceae,Variovorax,B. oleracea,47082eb92759c2179725fe69f11672c5,Soil,meJA 1mM,ASV_706 (Comamonadaceae),B. oleracea-Soil-meJA 1mM,Comamonadaceae | Variovorax_ASV-706
ASV_1210,4.908933420711924,-21.027109428833402,4.487247096191714,-4.685970925621395,2.786358199504864e-6,2.7321708631226606e-4,d__Bacteria,Proteobacteria,c__Gammaproteobacteria,o__Burkholderiales,Comamonadaceae,NA,A. thaliana,8967c58b2343596d18409d9ed3d4102e,Root,Caterpillar OS,ASV_1210 (Comamonadaceae),A. thaliana-Root-Caterpillar OS,Comamonadaceae | ASV-1210
ASV_439,108.74610260777533,16.900875785968417,4.483580200373829,3.7695045099358913,1.63571953247427e-4,0.010940733145617675,d__Bacteria,Proteobacteria,c__Gammaproteobacteria,o__Burkholderiales,Comamonadaceae,Paucibacter,A. thaliana,4d6c276ca1a266bbaea4e467e479005d,Root,Caterpillar OS,ASV_439 (Comamonadaceae),A. thaliana-Root-Caterpillar OS,Comamonadaceae | Paucibacter_ASV-439
ASV_529,18.495364543745502,21.587482591582145,3.8895411936142694,5.5501359972800435,2.8544745699019674e-8,2.382570566755649e-5,d__Bacteria,Proteobacteria,c__Gammaproteobacteria,o__Burkholderiales,Comamonadaceae,Rhizobacter,B. oleracea,0d76e8899d287e80e20b058410eb0fd1,Root,Caterpillar OS,ASV_529 (Comamonadaceae),B. oleracea-Root-Caterpillar OS,Comamonadaceae | Rhizobacter_ASV-529
ASV_1127,12.137932271903393,-23.526664507955395,4.272401798075484,-5.506660098905737,3.6570538246441273e-8,2.382570566755649e-5,d__Bacteria,Proteobacteria,c__Gammaproteobacteria,o__Burkholderiales,Comamonadaceae,Aquabacterium,B. oleracea,d46634844c91e24babe92054caaa7847,Root,Caterpillar OS,ASV_1127 (Comamonadaceae),B. oleracea-Root-Caterpillar OS,Comamonadaceae | Aquabacterium_ASV-1127
ASV_706,8.678755447496261,-22.718991465539258,4.273089491288468,-5.3167600425538435,1.0563122145574936e-7,4.363959329753138e-5,d__Bacteria,Proteobacteria,c__Gammaproteobacteria,o__Burkholderiales,Comamonadaceae,Variovorax,B. oleracea,47082eb92759c2179725fe69f11672c5,Root,Caterpillar OS,ASV_706 (Comamonadaceae),B. oleracea-Root-Caterpillar OS,Comamonadaceae | Variovorax_ASV-706
ASV_958,7.6572418233796284,-22.44504007970768,4.272945941443959,-5.252825658759169,1.4978330375166524e-7,4.363959329753138e-5,d__Bacteria,Proteobacteria,c__Gammaproteobacteria,o__Burkholderiales,Comamonadaceae,NA,B. oleracea,ed1ae188788174b0846a859012b3079a,Root,Caterpillar OS,ASV_958 (Comamonadaceae),B. oleracea-Root-Caterpillar OS,Comamonadaceae | ASV-958
ASV_706,3.9040714559908256,-21.581726606644928,4.167281276667939,-5.178850472003937,2.232573236265902e-7,1.957966728205196e-4,d__Bacteria,Proteobacteria,c__Gammaproteobacteria,o__Burkholderiales,Comamonadaceae,Variovorax,B. oleracea,47082eb92759c2179725fe69f11672c5,Soil,Caterpillar OS,ASV_706 (Comamonadaceae),B. oleracea-Soil-Caterpillar OS,Comamonadaceae | Variovorax_ASV-706
ASV_1130,3.090230283322075,-21.398391536453186,4.275124052504036,-5.005326459221615,5.576743554244128e-7,1.4532993702360197e-4,d__Bacteria,Proteobacteria,c__Gammaproteobacteria,o__Diplorickettsiales,Diplorickettsiaceae,Rickettsiella,B. oleracea,bcbf6016004074cb9ccbc4af2f2e4c47,Root,meJA 0.1mM,ASV_1130 (Diplorickettsiaceae),B. oleracea-Root-meJA 0.1mM,Diplorickettsiaceae | Rickettsiella_ASV-1130
ASV_1130,3.090230283322075,-21.302476693747494,4.275124052504035,-4.982890889743927,6.26412766640017e-7,6.621551421483003e-5,d__Bacteria,Proteobacteria,c__Gammaproteobacteria,o__Diplorickettsiales,Diplorickettsiaceae,Rickettsiella,B. oleracea,bcbf6016004074cb9ccbc4af2f2e4c47,Root,meJA 1mM,ASV_1130 (Diplorickettsiaceae),B. oleracea-Root-meJA 1mM,Diplorickettsiaceae | Rickettsiella_ASV-1130
ASV_1130,3.090230283322075,-21.675007873028992,4.275124052504036,-5.07003015744852,3.9775267133162417e-7,9.813043382714743e-5,d__Bacteria,Proteobacteria,c__Gammaproteobacteria,o__Diplorickettsiales,Diplorickettsiaceae,Rickettsiella,B. oleracea,bcbf6016004074cb9ccbc4af2f2e4c47,Root,Caterpillar OS,ASV_1130 (Diplorickettsiaceae),B. oleracea-Root-Caterpillar OS,Diplorickettsiaceae | Rickettsiella_ASV-1130
ASV_1540,6.529900272859421,-22.352545917858354,4.273202820287125,-5.230864730253184,1.6871893821556137e-7,7.03996065335617e-5,d__Bacteria,Proteobacteria,c__Gammaproteobacteria,o__Burkholderiales,Methylophilaceae,Methylophilus,B. oleracea,78c93dc2877bbb6423314c4012908222,Root,meJA 0.1mM,ASV_1540 (Methylophilaceae),B. oleracea-Root-meJA 0.1mM,Methylophilaceae | Methylophilus_ASV-1540
ASV_1540,6.529900272859421,-22.28742067970588,4.273202820287126,-5.2156243494682375,1.8319911101421766e-7,2.6489039952802914e-5,d__Bacteria,Proteobacteria,c__Gammaproteobacteria,o__Burkholderiales,Methylophilaceae,Methylophilus,B. oleracea,78c93dc2877bbb6423314c4012908222,Root,meJA 1mM,ASV_1540 (Methylophilaceae),B. oleracea-Root-meJA 1mM,Methylophilaceae | Methylophilus_ASV-1540
ASV_1540,6.529900272859421,-22.772660298086294,4.273202820287126,-5.329178430280113,9.865803458677632e-8,4.363959329753138e-5,d__Bacteria,Proteobacteria,c__Gammaproteobacteria,o__Burkholderiales,Methylophilaceae,Methylophilus,B. oleracea,78c93dc2877bbb6423314c4012908222,Root,Caterpillar OS,ASV_1540 (Methylophilaceae),B. oleracea-Root-Caterpillar OS,Methylophilaceae | Methylophilus_ASV-1540
ASV_576,21.635669520915517,-24.10553721146287,3.9950069716636496,-6.033916181484046,1.6003309501320132e-9,9.41954797247703e-7,d__Bacteria,Proteobacteria,c__Alphaproteobacteria,o__Micropepsales,Micropepsaceae,uncultured,A. thaliana,5ffa9d3c12f2042b9b89f3ef5957c731,Root,meJA 0.1mM,ASV_576 (Micropepsaceae),A. thaliana-Root-meJA 0.1mM,Micropepsaceae | uncultured_ASV-576
ASV_1450,4.3634963739661545,-21.825420342145836,3.996878717471227,-5.4606161169570075,4.744850304238952e-8,9.974353175268026e-6,d__Bacteria,Proteobacteria,c__Alphaproteobacteria,o__Micropepsales,Micropepsaceae,uncultured,A. thaliana,096004e33d6cf3511c5a94fb3edbef19,Root,meJA 0.1mM,ASV_1450 (Micropepsaceae),A. thaliana-Root-meJA 0.1mM,Micropepsaceae | uncultured_ASV-1450
ASV_576,21.635669520915517,-23.4806922108422,3.9950069716636483,-5.877509695825159,4.164843287718715e-9,2.4319590090076756e-7,d__Bacteria,Proteobacteria,c__Alphaproteobacteria,o__Micropepsales,Micropepsaceae,uncultured,A. thaliana,5ffa9d3c12f2042b9b89f3ef5957c731,Root,meJA 1mM,ASV_576 (Micropepsaceae),A. thaliana-Root-meJA 1mM,Micropepsaceae | uncultured_ASV-576
ASV_1054,26.425075588319917,23.50020104775479,3.9952657347155207,5.882012013258012,4.053089152688467e-9,2.4319590090076756e-7,d__Bacteria,Proteobacteria,c__Alphaproteobacteria,o__Micropepsales,Micropepsaceae,uncultured,A. thaliana,0d9ec9e852eec9b4e9fb087cc39b538f,Root,meJA 1mM,ASV_1054 (Micropepsaceae),A. thaliana-Root-meJA 1mM,Micropepsaceae | uncultured_ASV-1054
ASV_1390,14.374079578261933,22.78502890602766,3.9958865760606046,5.702121036801442,1.1832575819530915e-8,4.5575817897986313e-007,d__Bacteria,Proteobacteria,c__Alphaproteobacteria,o__Micropepsales,Micropepsaceae,uncultured,A. thaliana,86114960d23d228b11af3936528394d2,Root,meJA 1mM,ASV_1390 (Micropepsaceae),A. thaliana-Root-meJA 1mM,Micropepsaceae | uncultured_ASV-1390
ASV_1450,4.3634963739661545,-21.155918277684975,3.996878717471227,-5.293109892278655,1.2025360735303914e-7,2.9200712915944506e-6,d__Bacteria,Proteobacteria,c__Alphaproteobacteria,o__Micropepsales,Micropepsaceae,uncultured,A. thaliana,096004e33d6cf3511c5a94fb3edbef19,Root,meJA 1mM,ASV_1450 (Micropepsaceae),A. thaliana-Root-meJA 1mM,Micropepsaceae | uncultured_ASV-1450
ASV_576,21.635669520915517,-22.98030312209489,4.485812998768924,-5.122884776606059,3.008962366321696e-7,1.106922030510594e-4,d__Bacteria,Proteobacteria,c__Alphaproteobacteria,o__Micropepsales,Micropepsaceae,uncultured,A. thaliana,5ffa9d3c12f2042b9b89f3ef5957c731,Root,Caterpillar OS,ASV_576 (Micropepsaceae),A. thaliana-Root-Caterpillar OS,Micropepsaceae | uncultured_ASV-576
ASV_1450,4.3634963739661545,-21.04151063360924,4.48748000434268,-4.688936911862936,2.7462803268707184e-6,2.7321708631226606e-4,d__Bacteria,Proteobacteria,c__Alphaproteobacteria,o__Micropepsales,Micropepsaceae,uncultured,A. thaliana,096004e33d6cf3511c5a94fb3edbef19,Root,Caterpillar OS,ASV_1450 (Micropepsaceae),A. thaliana-Root-Caterpillar OS,Micropepsaceae | uncultured_ASV-1450
ASV_1366,4.86348033348311,-21.884440058665504,3.9966372994931962,-5.475713310647583,4.357526885830586e-8,9.974353175268026e-6,d__Bacteria,Proteobacteria,c__Gammaproteobacteria,o__Pseudomonadales,Moraxellaceae,uncultured,A. thaliana,befb810e9f74707eacc91353efe0c975,Root,meJA 0.1mM,ASV_1366 (Moraxellaceae),A. thaliana-Root-meJA 0.1mM,Moraxellaceae | uncultured_ASV-1366
ASV_1366,4.86348033348311,-21.30891122587379,3.9966372994931967,-5.3317100424839445,9.729220092713282e-8,2.5620487249875387e-6,d__Bacteria,Proteobacteria,c__Gammaproteobacteria,o__Pseudomonadales,Moraxellaceae,uncultured,A. thaliana,befb810e9f74707eacc91353efe0c975,Root,meJA 1mM,ASV_1366 (Moraxellaceae),A. thaliana-Root-meJA 1mM,Moraxellaceae | uncultured_ASV-1366
ASV_1366,4.86348033348311,-21.172850916964848,4.48726498471334,-4.718431157752863,2.3767036686181848e-6,2.498085320265471e-4,d__Bacteria,Proteobacteria,c__Gammaproteobacteria,o__Pseudomonadales,Moraxellaceae,uncultured,A. thaliana,befb810e9f74707eacc91353efe0c975,Root,Caterpillar OS,ASV_1366 (Moraxellaceae),A. thaliana-Root-Caterpillar OS,Moraxellaceae | uncultured_ASV-1366
ASV_147,47.67750150707813,22.02330211213986,3.313274899346121,6.646989091211896,2.991491919915296e-11,8.803960720310716e-8,d__Bacteria,Proteobacteria,c__Gammaproteobacteria,o__Burkholderiales,Oxalobacteraceae,uncultured,A. thaliana,dfb7f84268bec53613d1930382500b1d,Root,meJA 0.1mM,ASV_147 (Oxalobacteraceae),A. thaliana-Root-meJA 0.1mM,Oxalobacteraceae | uncultured_ASV-147
ASV_893,4.453049679060903,21.22896025385814,3.9968320966320716,5.3114466008583925,1.0875844001655503e-7,1.6003804448436073e-5,d__Bacteria,Proteobacteria,c__Gammaproteobacteria,o__Burkholderiales,Oxalobacteraceae,Massilia,A. thaliana,ae0db65b61013fa05012a20f907f8255,Root,meJA 0.1mM,ASV_893 (Oxalobacteraceae),A. thaliana-Root-meJA 0.1mM,Oxalobacteraceae | Massilia_ASV-893
ASV_1279,5.072481396441286,21.424652537333102,4.166787507272648,5.1417674887281475,2.7216581119276377e-7,1.7652674513962658e-4,d__Bacteria,Proteobacteria,c__Gammaproteobacteria,o__Burkholderiales,Oxalobacteraceae,Duganella,A. thaliana,618a185ff1c2da05906a09da5bfe12fb,Soil,meJA 0.1mM,ASV_1279 (Oxalobacteraceae),A. thaliana-Soil-meJA 0.1mM,Oxalobacteraceae | Duganella_ASV-1279
ASV_893,4.708205155164792,20.423458949162566,4.167290115560723,4.900896837707811,9.540014480991959e-7,5.156377826976154e-4,d__Bacteria,Proteobacteria,c__Gammaproteobacteria,o__Burkholderiales,Oxalobacteraceae,Massilia,A. thaliana,ae0db65b61013fa05012a20f907f8255,Soil,meJA 0.1mM,ASV_893 (Oxalobacteraceae),A. thaliana-Soil-meJA 0.1mM,Oxalobacteraceae | Massilia_ASV-893
ASV_774,6.2209651642312656,-18.279793428406453,4.185491590966173,-4.367418505358118,1.2572368324120084e-5,0.005096523809390179,d__Bacteria,Proteobacteria,c__Gammaproteobacteria,o__Burkholderiales,Oxalobacteraceae,Noviherbaspirillum,A. thaliana,8152cf2174ce916a5957a6366b1c1a13,Soil,meJA 0.1mM,ASV_774 (Oxalobacteraceae),A. thaliana-Soil-meJA 0.1mM,Oxalobacteraceae | Noviherbaspirillum_ASV-774
ASV_1209,4.170332840815579,-22.07334154877576,4.274179303310399,-5.164346177915304,2.412807972639567e-7,7.859721970873389e-5,d__Bacteria,Proteobacteria,c__Gammaproteobacteria,o__Burkholderiales,Oxalobacteraceae,Massilia,B. oleracea,ef698c54ca22ab163690ff9ca8dbb3f6,Root,meJA 0.1mM,ASV_1209 (Oxalobacteraceae),B. oleracea-Root-meJA 0.1mM,Oxalobacteraceae | Massilia_ASV-1209
ASV_812,7.942574663111234,19.555409916396865,4.290418010777466,4.55792649277389,5.166111047486379e-6,9.616346706963931e-4,d__Bacteria,Proteobacteria,c__Gammaproteobacteria,o__Burkholderiales,Oxalobacteraceae,Duganella,B. oleracea,5dcca56aa4ee63e5873f6094b831f400,Root,meJA 0.1mM,ASV_812 (Oxalobacteraceae),B. oleracea-Root-meJA 0.1mM,Oxalobacteraceae | Duganella_ASV-812
ASV_815,7.696264175492402,15.50975667376995,4.030075470902311,3.848502785060103,1.1884194621760913e-4,0.017205672880171632,d__Bacteria,Proteobacteria,c__Gammaproteobacteria,o__Burkholderiales,Oxalobacteraceae,Duganella,B. oleracea,4c9bc0b086802bb0887f73556efb9465,Root,meJA 0.1mM,ASV_815 (Oxalobacteraceae),B. oleracea-Root-meJA 0.1mM,Oxalobacteraceae | Duganella_ASV-815
ASV_305,5.626628049062952,17.883419270679646,4.138074973365574,4.321675993254111,1.548484664209158e-5,0.008148126303068591,d__Bacteria,Proteobacteria,c__Gammaproteobacteria,o__Burkholderiales,Oxalobacteraceae,Undibacterium,B. oleracea,50196de05c46ec24d8203d782f9a1a76,Soil,meJA 0.1mM,ASV_305 (Oxalobacteraceae),B. oleracea-Soil-meJA 0.1mM,Oxalobacteraceae | Undibacterium_ASV-305
ASV_503,48.15761301952227,25.841046865256004,3.994931781348061,6.468457605685604,9.900828557174207e-11,2.7648063745908973e-8,d__Bacteria,Proteobacteria,c__Gammaproteobacteria,o__Burkholderiales,Oxalobacteraceae,NA,A. thaliana,34a572a87f8b16fdecffb4f68c686c96,Root,meJA 1mM,ASV_503 (Oxalobacteraceae),A. thaliana-Root-meJA 1mM,Oxalobacteraceae | ASV-503
ASV_147,47.67750150707813,21.174537290306343,3.3148344193703663,6.387811459472031,1.6827662911862982e-10,3.132749912091825e-8,d__Bacteria,Proteobacteria,c__Gammaproteobacteria,o__Burkholderiales,Oxalobacteraceae,uncultured,A. thaliana,dfb7f84268bec53613d1930382500b1d,Root,meJA 1mM,ASV_147 (Oxalobacteraceae),A. thaliana-Root-meJA 1mM,Oxalobacteraceae | uncultured_ASV-147
ASV_414,45.49126774422163,24.432308588352992,3.9949554843989756,6.115789946537722,9.607981509589404e-10,8.943429455176136e-8,d__Bacteria,Proteobacteria,c__Gammaproteobacteria,o__Burkholderiales,Oxalobacteraceae,NA,A. thaliana,f35c2380c9cfe5975fb4c88b053209ee,Root,meJA 1mM,ASV_414 (Oxalobacteraceae),A. thaliana-Root-meJA 1mM,Oxalobacteraceae | ASV-414
ASV_502,21.12989492742736,-22.089325111445834,3.8498438484495576,-5.737719757216085,9.595972519115722e-9,3.969889371797134e-7,d__Bacteria,Proteobacteria,c__Gammaproteobacteria,o__Burkholderiales,Oxalobacteraceae,Massilia,A. thaliana,23e11dc7250a96682dcf6a6f3efbd4a1,Root,meJA 1mM,ASV_502 (Oxalobacteraceae),A. thaliana-Root-meJA 1mM,Oxalobacteraceae | Massilia_ASV-502
ASV_818,6.590309126210196,18.227176036519847,4.013457594842063,4.541514543456168,5.585153224147726e-6,1.1342938457041836e-4,d__Bacteria,Proteobacteria,c__Gammaproteobacteria,o__Burkholderiales,Oxalobacteraceae,Noviherbaspirillum,A. thaliana,f26ed88c10feade3479aaf55da6bdf3f,Root,meJA 1mM,ASV_818 (Oxalobacteraceae),A. thaliana-Root-meJA 1mM,Oxalobacteraceae | Noviherbaspirillum_ASV-818
ASV_1084,4.872977536857342,17.10318498258427,4.031962387563679,4.24190092530077,2.2163453382707375e-5,4.4208173979435965e-4,d__Bacteria,Proteobacteria,c__Gammaproteobacteria,o__Burkholderiales,Oxalobacteraceae,NA,A. thaliana,ccc33d62630743cef3119e9ab322a4c3,Root,meJA 1mM,ASV_1084 (Oxalobacteraceae),A. thaliana-Root-meJA 1mM,Oxalobacteraceae | ASV-1084
ASV_503,9.993901173018187,22.4563020296222,4.165674967686353,5.390795538254536,7.014644978662714e-8,7.582831221934393e-5,d__Bacteria,Proteobacteria,c__Gammaproteobacteria,o__Burkholderiales,Oxalobacteraceae,NA,A. thaliana,34a572a87f8b16fdecffb4f68c686c96,Soil,meJA 1mM,ASV_503 (Oxalobacteraceae),A. thaliana-Soil-meJA 1mM,Oxalobacteraceae | ASV-503
ASV_1133,3.3334305540503757,20.688172732755177,4.167876786442516,4.963719848929011,6.915567745156854e-7,4.4854372395087356e-4,d__Bacteria,Proteobacteria,c__Gammaproteobacteria,o__Burkholderiales,Oxalobacteraceae,NA,A. thaliana,596b91aa2ddbb53ddcb5d0f0b5051dc4,Soil,meJA 1mM,ASV_1133 (Oxalobacteraceae),A. thaliana-Soil-meJA 1mM,Oxalobacteraceae | ASV-1133
ASV_774,6.2209651642312656,-18.262498501462108,4.185491590966174,-4.363286391705882,1.28123038169673e-5,0.006925050213070826,d__Bacteria,Proteobacteria,c__Gammaproteobacteria,o__Burkholderiales,Oxalobacteraceae,Noviherbaspirillum,A. thaliana,8152cf2174ce916a5957a6366b1c1a13,Soil,meJA 1mM,ASV_774 (Oxalobacteraceae),A. thaliana-Soil-meJA 1mM,Oxalobacteraceae | Noviherbaspirillum_ASV-774
ASV_893,4.708205155164792,17.57842102596695,4.183676994805998,4.20166782660096,2.6495571511329834e-5,0.012275019773034664,d__Bacteria,Proteobacteria,c__Gammaproteobacteria,o__Burkholderiales,Oxalobacteraceae,Massilia,A. thaliana,ae0db65b61013fa05012a20f907f8255,Soil,meJA 1mM,ASV_893 (Oxalobacteraceae),A. thaliana-Soil-meJA 1mM,Oxalobacteraceae | Massilia_ASV-893
ASV_815,7.696264175492402,20.633580629539058,3.976407874714566,5.189000042159954,2.1142634882172397e-7,2.713808205947414e-5,d__Bacteria,Proteobacteria,c__Gammaproteobacteria,o__Burkholderiales,Oxalobacteraceae,Duganella,B. oleracea,4c9bc0b086802bb0887f73556efb9465,Root,meJA 1mM,ASV_815 (Oxalobacteraceae),B. oleracea-Root-meJA 1mM,Oxalobacteraceae | Duganella_ASV-815
ASV_1209,4.170332840815579,-22.01082572557579,4.274179303310399,-5.149719785627187,2.6087591306649176e-7,3.125293438536571e-5,d__Bacteria,Proteobacteria,c__Gammaproteobacteria,o__Burkholderiales,Oxalobacteraceae,Massilia,B. oleracea,ef698c54ca22ab163690ff9ca8dbb3f6,Root,meJA 1mM,ASV_1209 (Oxalobacteraceae),B. oleracea-Root-meJA 1mM,Oxalobacteraceae | Massilia_ASV-1209
ASV_812,7.942574663111234,19.34757432466708,4.2907808361907165,4.509103369130252,6.510218462515786e-6,5.317664807791303e-4,d__Bacteria,Proteobacteria,c__Gammaproteobacteria,o__Burkholderiales,Oxalobacteraceae,Duganella,B. oleracea,5dcca56aa4ee63e5873f6094b831f400,Root,meJA 1mM,ASV_812 (Oxalobacteraceae),B. oleracea-Root-meJA 1mM,Oxalobacteraceae | Duganella_ASV-812
ASV_670,9.42212332916678,-22.529094176719124,3.889813972658483,-5.791817895425388,6.962861611116729e-9,9.159644449424057e-6,d__Bacteria,Proteobacteria,c__Gammaproteobacteria,o__Burkholderiales,Oxalobacteraceae,Massilia,B. oleracea,c51b918ee1c53a9580f0e0d63f6e4dec,Soil,meJA 1mM,ASV_670 (Oxalobacteraceae),B. oleracea-Soil-meJA 1mM,Oxalobacteraceae | Massilia_ASV-670
ASV_305,5.626628049062952,19.796911624954372,4.1306321921244065,4.79270743657588,1.64545493598646e-6,8.658383873160753e-4,d__Bacteria,Proteobacteria,c__Gammaproteobacteria,o__Burkholderiales,Oxalobacteraceae,Undibacterium,B. oleracea,50196de05c46ec24d8203d782f9a1a76,Soil,meJA 1mM,ASV_305 (Oxalobacteraceae),B. oleracea-Soil-meJA 1mM,Oxalobacteraceae | Undibacterium_ASV-305
ASV_147,47.67750150707813,22.49123803256423,3.6808636448414793,6.1103154592766344,9.943439568953103e-10,2.9263542651428983e-6,d__Bacteria,Proteobacteria,c__Gammaproteobacteria,o__Burkholderiales,Oxalobacteraceae,uncultured,A. thaliana,dfb7f84268bec53613d1930382500b1d,Root,Caterpillar OS,ASV_147 (Oxalobacteraceae),A. thaliana-Root-Caterpillar OS,Oxalobacteraceae | uncultured_ASV-147
ASV_502,21.12989492742736,-21.62248082939499,4.3240435814071185,-5.000523334771446,5.71749073928148e-7,1.3357180326205388e-4,d__Bacteria,Proteobacteria,c__Gammaproteobacteria,o__Burkholderiales,Oxalobacteraceae,Massilia,A. thaliana,23e11dc7250a96682dcf6a6f3efbd4a1,Root,Caterpillar OS,ASV_502 (Oxalobacteraceae),A. thaliana-Root-Caterpillar OS,Oxalobacteraceae | Massilia_ASV-502
ASV_774,7.637884558942499,22.472258062347102,4.447938908100564,5.05228568257103,4.3655408053437594e-7,1.3357180326205388e-4,d__Bacteria,Proteobacteria,c__Gammaproteobacteria,o__Burkholderiales,Oxalobacteraceae,Noviherbaspirillum,A. thaliana,8152cf2174ce916a5957a6366b1c1a13,Root,Caterpillar OS,ASV_774 (Oxalobacteraceae),A. thaliana-Root-Caterpillar OS,Oxalobacteraceae | Noviherbaspirillum_ASV-774
ASV_1090,4.077366944999379,21.623060248382107,4.449151991111034,4.860040810379786,1.1736155727877193e-6,1.5307859759520164e-4,d__Bacteria,Proteobacteria,c__Gammaproteobacteria,o__Burkholderiales,Oxalobacteraceae,NA,A. thaliana,e7670081f34a880f5f30c3d0e4cc754e,Root,Caterpillar OS,ASV_1090 (Oxalobacteraceae),A. thaliana-Root-Caterpillar OS,Oxalobacteraceae | ASV-1090
ASV_818,6.590309126210196,21.25413588561709,4.448454031824199,4.777870184465254,1.7716169138508642e-6,1.9974705293723013e-4,d__Bacteria,Proteobacteria,c__Gammaproteobacteria,o__Burkholderiales,Oxalobacteraceae,Noviherbaspirillum,A. thaliana,f26ed88c10feade3479aaf55da6bdf3f,Root,Caterpillar OS,ASV_818 (Oxalobacteraceae),A. thaliana-Root-Caterpillar OS,Oxalobacteraceae | Noviherbaspirillum_ASV-818
ASV_1084,4.872977536857342,20.77150415235938,4.448980845689196,4.668823012013136,3.029302037552649e-6,2.7321708631226606e-4,d__Bacteria,Proteobacteria,c__Gammaproteobacteria,o__Burkholderiales,Oxalobacteraceae,NA,A. thaliana,ccc33d62630743cef3119e9ab322a4c3,Root,Caterpillar OS,ASV_1084 (Oxalobacteraceae),A. thaliana-Root-Caterpillar OS,Oxalobacteraceae | ASV-1084
ASV_1090,3.45284516522286,20.962133475032854,4.167648201557698,5.029727189352992,4.911781951634152e-7,5.309636289716517e-4,d__Bacteria,Proteobacteria,c__Gammaproteobacteria,o__Burkholderiales,Oxalobacteraceae,NA,A. thaliana,e7670081f34a880f5f30c3d0e4cc754e,Soil,Caterpillar OS,ASV_1090 (Oxalobacteraceae),A. thaliana-Soil-Caterpillar OS,Oxalobacteraceae | ASV-1090
ASV_1209,4.170332840815579,-21.637211657662146,4.2741793033104,-5.062307901052228,4.1421134769709204e-7,9.813043382714743e-5,d__Bacteria,Proteobacteria,c__Gammaproteobacteria,o__Burkholderiales,Oxalobacteraceae,Massilia,B. oleracea,ef698c54ca22ab163690ff9ca8dbb3f6,Root,Caterpillar OS,ASV_1209 (Oxalobacteraceae),B. oleracea-Root-Caterpillar OS,Oxalobacteraceae | Massilia_ASV-1209
ASV_812,7.942574663111234,16.315474343652383,4.30924490127261,3.786156210066892,1.5299551773562386e-4,0.02215035106772421,d__Bacteria,Proteobacteria,c__Gammaproteobacteria,o__Burkholderiales,Oxalobacteraceae,Duganella,B. oleracea,5dcca56aa4ee63e5873f6094b831f400,Root,Caterpillar OS,ASV_812 (Oxalobacteraceae),B. oleracea-Root-Caterpillar OS,Oxalobacteraceae | Duganella_ASV-812
ASV_670,9.42212332916678,-22.463348784440676,3.8898139726584824,-5.774915958021551,7.699150404639974e-9,2.0256464714607772e-5,d__Bacteria,Proteobacteria,c__Gammaproteobacteria,o__Burkholderiales,Oxalobacteraceae,Massilia,B. oleracea,c51b918ee1c53a9580f0e0d63f6e4dec,Soil,Caterpillar OS,ASV_670 (Oxalobacteraceae),B. oleracea-Soil-Caterpillar OS,Oxalobacteraceae | Massilia_ASV-670
ASV_406,6.7799555794395205,-19.339306503640145,3.7899687179317048,-5.102761511497161,3.347327237290106e-7,2.2017044903275673e-4,d__Bacteria,Proteobacteria,c__Gammaproteobacteria,o__Burkholderiales,Oxalobacteraceae,Undibacterium,B. oleracea,14adacfae6b38ce8962efc227fad7213,Soil,Caterpillar OS,ASV_406 (Oxalobacteraceae),B. oleracea-Soil-Caterpillar OS,Oxalobacteraceae | Undibacterium_ASV-406
ASV_305,5.626628049062952,17.355208986012272,4.143456824677396,4.188582075393901,2.8070279138655977e-5,0.014770580882760776,d__Bacteria,Proteobacteria,c__Gammaproteobacteria,o__Burkholderiales,Oxalobacteraceae,Undibacterium,B. oleracea,50196de05c46ec24d8203d782f9a1a76,Soil,Caterpillar OS,ASV_305 (Oxalobacteraceae),B. oleracea-Soil-Caterpillar OS,Oxalobacteraceae | Undibacterium_ASV-305
ASV_952,8.499727311788238,-22.56632202917091,3.9957377512374515,-5.6475983745885925,1.627047351398827e-8,5.320444839074164e-6,d__Bacteria,Proteobacteria,c__Gammaproteobacteria,o__Pseudomonadales,Pseudomonadaceae,Pseudomonas,A. thaliana,7b361820964e8c6ced5aec81f54bcfea,Root,meJA 0.1mM,ASV_952 (Pseudomonadaceae),A. thaliana-Root-meJA 0.1mM,Pseudomonadaceae | Pseudomonas_ASV-952
ASV_1441,3.86037761331847,20.742004948529864,4.290539091613687,4.83435869144563,1.3357554827067565e-6,3.164526170848916e-4,d__Bacteria,Proteobacteria,c__Gammaproteobacteria,o__Pseudomonadales,Pseudomonadaceae,Pseudomonas,B. oleracea,e311d3f69c3425c96a683f6f1f6810d0,Root,meJA 0.1mM,ASV_1441 (Pseudomonadaceae),B. oleracea-Root-meJA 0.1mM,Pseudomonadaceae | Pseudomonas_ASV-1441
ASV_952,8.499727311788238,-22.2188553320996,3.9957377512374515,-5.56063903974143,2.6878861232723008e-8,8.830496469691647e-7,d__Bacteria,Proteobacteria,c__Gammaproteobacteria,o__Pseudomonadales,Pseudomonadaceae,Pseudomonas,A. thaliana,7b361820964e8c6ced5aec81f54bcfea,Root,meJA 1mM,ASV_952 (Pseudomonadaceae),A. thaliana-Root-meJA 1mM,Pseudomonadaceae | Pseudomonas_ASV-952
ASV_1031,6.9207261533595705,21.872488704125196,3.997345248069949,5.471753713214029,4.456038198702538e-8,1.3826096299863152e-6,d__Bacteria,Proteobacteria,c__Gammaproteobacteria,o__Pseudomonadales,Pseudomonadaceae,Pseudomonas,A. thaliana,e31f1e7e52443d46f42759e43d6f5e90,Root,meJA 1mM,ASV_1031 (Pseudomonadaceae),A. thaliana-Root-meJA 1mM,Pseudomonadaceae | Pseudomonas_ASV-1031
ASV_952,8.499727311788238,-21.81058809259605,4.486463823069653,-4.861420698511991,1.165462689036999e-6,1.5307859759520164e-4,d__Bacteria,Proteobacteria,c__Gammaproteobacteria,o__Pseudomonadales,Pseudomonadaceae,Pseudomonas,A. thaliana,7b361820964e8c6ced5aec81f54bcfea,Root,Caterpillar OS,ASV_952 (Pseudomonadaceae),A. thaliana-Root-Caterpillar OS,Pseudomonadaceae | Pseudomonas_ASV-952
ASV_679,9.888271015554746,17.41997164012208,4.107383946298857,4.241135444817407,2.2239187579813077e-5,0.003409136637234875,d__Bacteria,Proteobacteria,c__Alphaproteobacteria,o__Rhizobiales,Rhizobiaceae,Allorhizobium-Neorhizobium-Pararhizobium-Rhizobium,B. oleracea,e5281735e0a80bf2f6195dab6977e425,Root,meJA 0.1mM,ASV_679 (Rhizobiaceae),B. oleracea-Root-meJA 0.1mM,Rhizobiaceae | Allorhizobium-Neorhizobium-Pararhizobium-Rhizobium_ASV-679
ASV_868,5.8617372979288564,20.401752177738132,3.8701059407599474,5.271626278460991,1.3522020243154855e-7,1.1858811753246808e-4,d__Bacteria,Proteobacteria,c__Alphaproteobacteria,o__Rhizobiales,Rhizobiaceae,Allorhizobium-Neorhizobium-Pararhizobium-Rhizobium,B. oleracea,2569b4c4cad75aecc852532bc6bd3c10,Soil,meJA 0.1mM,ASV_868 (Rhizobiaceae),B. oleracea-Soil-meJA 0.1mM,Rhizobiaceae | Allorhizobium-Neorhizobium-Pararhizobium-Rhizobium_ASV-868
ASV_1034,6.050817687793378,21.75888216120477,3.997748410767575,5.442784268914767,5.245415803249157e-8,1.5418761716392916e-6,d__Bacteria,Proteobacteria,c__Alphaproteobacteria,o__Rhizobiales,Rhizobiaceae,Ochrobactrum,A. thaliana,94489ce74017d077f507ef6ebbc440e4,Root,meJA 1mM,ASV_1034 (Rhizobiaceae),A. thaliana-Root-meJA 1mM,Rhizobiaceae | Ochrobactrum_ASV-1034
ASV_679,9.888271015554746,19.30527020643023,4.098351145257917,4.710496861345763,2.4711360571848965e-6,2.3371744709269784e-4,d__Bacteria,Proteobacteria,c__Alphaproteobacteria,o__Rhizobiales,Rhizobiaceae,Allorhizobium-Neorhizobium-Pararhizobium-Rhizobium,B. oleracea,e5281735e0a80bf2f6195dab6977e425,Root,meJA 1mM,ASV_679 (Rhizobiaceae),B. oleracea-Root-meJA 1mM,Rhizobiaceae | Allorhizobium-Neorhizobium-Pararhizobium-Rhizobium_ASV-679
ASV_868,5.8617372979288564,17.80096054115428,3.880725002783482,4.58701931427411,4.49619099906932e-6,0.0019715797530918968,d__Bacteria,Proteobacteria,c__Alphaproteobacteria,o__Rhizobiales,Rhizobiaceae,Allorhizobium-Neorhizobium-Pararhizobium-Rhizobium,B. oleracea,2569b4c4cad75aecc852532bc6bd3c10,Soil,meJA 1mM,ASV_868 (Rhizobiaceae),B. oleracea-Soil-meJA 1mM,Rhizobiaceae | Allorhizobium-Neorhizobium-Pararhizobium-Rhizobium_ASV-868
ASV_679,9.888271015554746,19.956153886972743,4.096851780043106,4.871094918343072,1.1098150463498162e-6,2.0658414362768722e-4,d__Bacteria,Proteobacteria,c__Alphaproteobacteria,o__Rhizobiales,Rhizobiaceae,Allorhizobium-Neorhizobium-Pararhizobium-Rhizobium,B. oleracea,e5281735e0a80bf2f6195dab6977e425,Root,Caterpillar OS,ASV_679 (Rhizobiaceae),B. oleracea-Root-Caterpillar OS,Rhizobiaceae | Allorhizobium-Neorhizobium-Pararhizobium-Rhizobium_ASV-679
ASV_1178,15.74925768179562,-18.778900950613245,4.013268420032788,-4.679203827203719,2.8799103711663613e-6,3.3902304889370406e-4,d__Bacteria,Proteobacteria,c__Gammaproteobacteria,o__Xanthomonadales,Rhodanobacteraceae,Dokdonella,A. thaliana,9751eb5e1cbad2ad6ef44d0150501a37,Root,meJA 0.1mM,ASV_1178 (Rhodanobacteraceae),A. thaliana-Root-meJA 0.1mM,Rhodanobacteraceae | Dokdonella_ASV-1178
ASV_840,11.134200297770608,-23.280937074500795,3.9954717428354654,-5.826830615495486,5.648989541355844e-9,3.0047244369973705e-7,d__Bacteria,Proteobacteria,c__Gammaproteobacteria,o__Xanthomonadales,Rhodanobacteraceae,Luteibacter,A. thaliana,1eab433c19da7983bde606130c35785f,Root,meJA 1mM,ASV_840 (Rhodanobacteraceae),A. thaliana-Root-meJA 1mM,Rhodanobacteraceae | Luteibacter_ASV-840
ASV_665,9.357796921948335,-22.605716864119753,3.681980683773265,-6.1395533560902855,8.275382565897925e-10,7.435431235459286e-7,d__Bacteria,Proteobacteria,c__Gammaproteobacteria,o__Xanthomonadales,Rhodanobacteraceae,Rhodanobacter,B. oleracea,a7fa7a6c9dbd6b9e5acc1c3efa16fba1,Root,meJA 1mM,ASV_665 (Rhodanobacteraceae),B. oleracea-Root-meJA 1mM,Rhodanobacteraceae | Rhodanobacter_ASV-665
ASV_796,8.86596470558371,-22.584048233336212,3.8904958913199508,-5.80492792287052,6.439369857548142e-9,2.8928869085035024e-6,d__Bacteria,Proteobacteria,c__Gammaproteobacteria,o__Xanthomonadales,Rhodanobacteraceae,Rhodanobacter,B. oleracea,74b3731231e741dc947f01de707e7f0a,Root,meJA 1mM,ASV_796 (Rhodanobacteraceae),B. oleracea-Root-meJA 1mM,Rhodanobacteraceae | Rhodanobacter_ASV-796
ASV_840,11.134200297770608,-21.786212409696994,4.486226916044408,-4.856243970134777,1.1963329067922655e-6,1.5307859759520164e-4,d__Bacteria,Proteobacteria,c__Gammaproteobacteria,o__Xanthomonadales,Rhodanobacteraceae,Luteibacter,A. thaliana,1eab433c19da7983bde606130c35785f,Root,Caterpillar OS,ASV_840 (Rhodanobacteraceae),A. thaliana-Root-Caterpillar OS,Rhodanobacteraceae | Luteibacter_ASV-840
ASV_665,24.923781708606505,-18.393168976715646,4.159928676669068,-4.421510657111409,9.801322926905663e-6,7.211323343470842e-4,d__Bacteria,Proteobacteria,c__Gammaproteobacteria,o__Xanthomonadales,Rhodanobacteraceae,Rhodanobacter,A. thaliana,a7fa7a6c9dbd6b9e5acc1c3efa16fba1,Root,Caterpillar OS,ASV_665 (Rhodanobacteraceae),A. thaliana-Root-Caterpillar OS,Rhodanobacteraceae | Rhodanobacter_ASV-665
ASV_1178,15.74925768179562,-18.493446681375556,4.50208379890836,-4.107752655750153,3.99527626546358e-5,0.0027344414068044922,d__Bacteria,Proteobacteria,c__Gammaproteobacteria,o__Xanthomonadales,Rhodanobacteraceae,Dokdonella,A. thaliana,9751eb5e1cbad2ad6ef44d0150501a37,Root,Caterpillar OS,ASV_1178 (Rhodanobacteraceae),A. thaliana-Root-Caterpillar OS,Rhodanobacteraceae | Dokdonella_ASV-1178
ASV_665,9.357796921948335,-22.997347042096276,3.6819806837732636,-6.24591735188811,4.213199267668884e-10,1.0979597291545111e-6,d__Bacteria,Proteobacteria,c__Gammaproteobacteria,o__Xanthomonadales,Rhodanobacteraceae,Rhodanobacter,B. oleracea,a7fa7a6c9dbd6b9e5acc1c3efa16fba1,Root,Caterpillar OS,ASV_665 (Rhodanobacteraceae),B. oleracea-Root-Caterpillar OS,Rhodanobacteraceae | Rhodanobacter_ASV-665
ASV_1156,6.073275780256223,-22.14321791918362,3.996218326488749,-5.5410430837595435,3.0067522339143814e-8,8.044428931281841e-6,d__Bacteria,Proteobacteria,c__Alphaproteobacteria,o__Sphingomonadales,Sphingomonadaceae,Novosphingobium,A. thaliana,e75d217f9e2c20a169430623b6c1ce00,Root,meJA 0.1mM,ASV_1156 (Sphingomonadaceae),A. thaliana-Root-meJA 0.1mM,Sphingomonadaceae | Novosphingobium_ASV-1156
ASV_728,45.92892512045138,-20.08691598217989,4.00135295035657,-5.020031032351169,5.16631326592456e-7,6.61063475722434e-5,d__Bacteria,Proteobacteria,c__Alphaproteobacteria,o__Sphingomonadales,Sphingomonadaceae,NA,A. thaliana,a7875d016a09fb3df0ed2ab7486da4d6,Root,meJA 0.1mM,ASV_728 (Sphingomonadaceae),A. thaliana-Root-meJA 0.1mM,Sphingomonadaceae | ASV-728
ASV_338,156.37256268472828,25.97925369903428,3.9946509176858136,6.503510377844134,7.846700585950975e-11,2.7648063745908973e-8,d__Bacteria,Proteobacteria,c__Alphaproteobacteria,o__Sphingomonadales,Sphingomonadaceae,Sphingomonas,A. thaliana,d8905c47f44267d633164a4411a20757,Root,meJA 1mM,ASV_338 (Sphingomonadaceae),A. thaliana-Root-meJA 1mM,Sphingomonadaceae | Sphingomonas_ASV-338
ASV_698,53.57611479170357,24.173197568577137,3.994890730312587,6.051028476237112,1.4392400182812926e-9,1.1483079288715742e-7,d__Bacteria,Proteobacteria,c__Alphaproteobacteria,o__Sphingomonadales,Sphingomonadaceae,Sphingobium,A. thaliana,5e95f82463d5235d9bea7e398e01e48d,Root,meJA 1mM,ASV_698 (Sphingomonadaceae),A. thaliana-Root-meJA 1mM,Sphingomonadaceae | Sphingobium_ASV-698
ASV_1148,5.86079512086306,21.593490843669226,3.9978541018913223,5.401270354877053,6.617061026998529e-8,1.8951941454249633e-6,d__Bacteria,Proteobacteria,c__Alphaproteobacteria,o__Sphingomonadales,Sphingomonadaceae,Sphingomonas,A. thaliana,4d53aa29f8b5ced42534a603fd48ac06,Root,meJA 1mM,ASV_1148 (Sphingomonadaceae),A. thaliana-Root-meJA 1mM,Sphingomonadaceae | Sphingomonas_ASV-1148
ASV_1156,6.073275780256223,-21.4431887804789,3.996218326488749,-5.365870187407857,8.055986806059159e-8,2.194765185943434e-6,d__Bacteria,Proteobacteria,c__Alphaproteobacteria,o__Sphingomonadales,Sphingomonadaceae,Novosphingobium,A. thaliana,e75d217f9e2c20a169430623b6c1ce00,Root,meJA 1mM,ASV_1156 (Sphingomonadaceae),A. thaliana-Root-meJA 1mM,Sphingomonadaceae | Novosphingobium_ASV-1156
ASV_1156,6.073275780256223,-21.954336499129766,4.486891831553349,-4.892994376360805,9.931324536725246e-7,1.5307859759520164e-4,d__Bacteria,Proteobacteria,c__Alphaproteobacteria,o__Sphingomonadales,Sphingomonadaceae,Novosphingobium,A. thaliana,e75d217f9e2c20a169430623b6c1ce00,Root,Caterpillar OS,ASV_1156 (Sphingomonadaceae),A. thaliana-Root-Caterpillar OS,Sphingomonadaceae | Novosphingobium_ASV-1156
ASV_577,59.85499216490126,-19.9846610935095,4.489982679923491,-4.450943916302599,8.54936693352149e-6,6.45148381675737e-4,d__Bacteria,Proteobacteria,c__Alphaproteobacteria,o__Sphingomonadales,Sphingomonadaceae,Hephaestia,A. thaliana,a1b9d133567f3a658c7e1bf536f35ef1,Root,Caterpillar OS,ASV_577 (Sphingomonadaceae),A. thaliana-Root-Caterpillar OS,Sphingomonadaceae | Hephaestia_ASV-577
ASV_728,45.92892512045138,-19.27497263383036,4.49146547851008,-4.291466276664849,1.7749716223354905e-5,0.0012437479725079402,d__Bacteria,Proteobacteria,c__Alphaproteobacteria,o__Sphingomonadales,Sphingomonadaceae,NA,A. thaliana,a7875d016a09fb3df0ed2ab7486da4d6,Root,Caterpillar OS,ASV_728 (Sphingomonadaceae),A. thaliana-Root-Caterpillar OS,Sphingomonadaceae | ASV-728
ASV_808,5.677294354535813,-19.203763095604575,4.289843487354722,-4.47656497310729,7.585359081517852e-6,0.00123546536040222,d__Bacteria,Proteobacteria,c__Gammaproteobacteria,o__Gammaproteobacteria_Incertae_Sedis,Unknown_Family,Acidibacter,B. oleracea,d5e007ffb5793bf28809edcb7af16491,Root,meJA 0.1mM,ASV_808 (Unknown_Family),B. oleracea-Root-meJA 0.1mM,Unknown_Family | Acidibacter_ASV-808
ASV_998,29.4741227715876,23.509867944900094,3.995189208062928,5.884544315811986,3.9915218164575905e-9,2.4319590090076756e-7,d__Bacteria,Proteobacteria,c__Gammaproteobacteria,o__Gammaproteobacteria_Incertae_Sedis,Unknown_Family,Acidibacter,A. thaliana,fda2fd2136b9daa80f1b1ad2130886c7,Root,meJA 1mM,ASV_998 (Unknown_Family),A. thaliana-Root-meJA 1mM,Unknown_Family | Acidibacter_ASV-998
ASV_808,5.677294354535813,-19.16158789434056,4.289843487354723,-4.466733565181024,7.942294285662665e-6,6.205349057102526e-4,d__Bacteria,Proteobacteria,c__Gammaproteobacteria,o__Gammaproteobacteria_Incertae_Sedis,Unknown_Family,Acidibacter,B. oleracea,d5e007ffb5793bf28809edcb7af16491,Root,meJA 1mM,ASV_808 (Unknown_Family),B. oleracea-Root-meJA 1mM,Unknown_Family | Acidibacter_ASV-808
ASV_788,25.997212102865422,-22.333648608041646,3.9968780215928223,-5.587773378968747,2.2999951308765445e-8,6.7688856701696704e-6,d__Bacteria,Proteobacteria,c__Alphaproteobacteria,o__Rhizobiales,Xanthobacteraceae,Rhodoplanes,A. thaliana,38c3172641c48605cb2bdb2787d56a95,Root,meJA 0.1mM,ASV_788 (Xanthobacteraceae),A. thaliana-Root-meJA 0.1mM,Xanthobacteraceae | Rhodoplanes_ASV-788
ASV_1289,6.376255560556846,-22.412278180337818,4.273244718955847,-5.2447916406281045,1.5645903854497273e-7,7.03996065335617e-5,d__Bacteria,Proteobacteria,c__Alphaproteobacteria,o__Rhizobiales,Xanthobacteraceae,Rhodopseudomonas,B. oleracea,c89f2db4d99e9de44b5ec07e05e348db,Root,meJA 0.1mM,ASV_1289 (Xanthobacteraceae),B. oleracea-Root-meJA 0.1mM,Xanthobacteraceae | Rhodopseudomonas_ASV-1289
ASV_328,164.5033551734421,26.215130276295515,3.994644737737482,6.562568638117102,5.2888681714291596e-11,2.7648063745908973e-8,d__Bacteria,Proteobacteria,c__Alphaproteobacteria,o__Rhizobiales,Xanthobacteraceae,NA,A. thaliana,fa93d2da1da7de82da3e066eb8608b98,Root,meJA 1mM,ASV_328 (Xanthobacteraceae),A. thaliana-Root-meJA 1mM,Xanthobacteraceae | ASV-328
ASV_467,100.03778615578253,24.691565103537844,3.994721183359886,6.18104843121247,6.367727583115078e-10,7.804557785857775e-8,d__Bacteria,Proteobacteria,c__Alphaproteobacteria,o__Rhizobiales,Xanthobacteraceae,Pseudorhodoplanes,A. thaliana,74f348f36da230816d33cff375c87852,Root,meJA 1mM,ASV_467 (Xanthobacteraceae),A. thaliana-Root-meJA 1mM,Xanthobacteraceae | Pseudorhodoplanes_ASV-467
ASV_911,6.544121950345201,21.820124871066202,3.997503570379898,5.458437869260628,4.80341888197263e-8,1.4501132138279534e-6,d__Bacteria,Proteobacteria,c__Alphaproteobacteria,o__Rhizobiales,Xanthobacteraceae,NA,A. thaliana,201ad2d8242171f7fbc464c11122784f,Root,meJA 1mM,ASV_911 (Xanthobacteraceae),A. thaliana-Root-meJA 1mM,Xanthobacteraceae | ASV-911
ASV_1289,6.376255560556846,-22.365239687995576,4.273244718955848,-5.233783964860417,1.660745466857005e-7,2.6489039952802914e-5,d__Bacteria,Proteobacteria,c__Alphaproteobacteria,o__Rhizobiales,Xanthobacteraceae,Rhodopseudomonas,B. oleracea,c89f2db4d99e9de44b5ec07e05e348db,Root,meJA 1mM,ASV_1289 (Xanthobacteraceae),B. oleracea-Root-meJA 1mM,Xanthobacteraceae | Rhodopseudomonas_ASV-1289
ASV_788,25.997212102865422,-20.562394877078724,4.487479384552681,-4.582170326589348,4.601748299958503e-6,3.5639329596783877e-4,d__Bacteria,Proteobacteria,c__Alphaproteobacteria,o__Rhizobiales,Xanthobacteraceae,Rhodoplanes,A. thaliana,38c3172641c48605cb2bdb2787d56a95,Root,Caterpillar OS,ASV_788 (Xanthobacteraceae),A. thaliana-Root-Caterpillar OS,Xanthobacteraceae | Rhodoplanes_ASV-788
ASV_1289,6.376255560556846,-22.539199358624572,4.273244718955847,-5.274493000281985,1.3312359913358575e-7,4.363959329753138e-5,d__Bacteria,Proteobacteria,c__Alphaproteobacteria,o__Rhizobiales,Xanthobacteraceae,Rhodopseudomonas,B. oleracea,c89f2db4d99e9de44b5ec07e05e348db,Root,Caterpillar OS,ASV_1289 (Xanthobacteraceae),B. oleracea-Root-Caterpillar OS,Xanthobacteraceae | Rhodopseudomonas_ASV-1289
ASV_354,12.484448282344289,-23.1164412002361,4.165424737620556,-5.549600018326357,2.8632390912884753e-8,3.7665910245899894e-5,d__Bacteria,Bacteroidota,c__Bacteroidia,o__Chitinophagales,Chitinophagaceae,Taibaiella,B. oleracea,88f1cf846334ca4e3ddcbd0a051aee97,Soil,meJA 0.1mM,ASV_354 (Chitinophagaceae),B. oleracea-Soil-meJA 0.1mM,Chitinophagaceae | Taibaiella_ASV-354
ASV_990,17.13274131550412,23.224541101615984,3.9956673632541633,5.812431063506093,6.157204227155016e-9,3.1261805098782515e-7,d__Bacteria,Bacteroidota,c__Bacteroidia,o__Chitinophagales,Chitinophagaceae,Puia,A. thaliana,82190e35c9712793d0d1542130df056e,Root,meJA 1mM,ASV_990 (Chitinophagaceae),A. thaliana-Root-meJA 1mM,Chitinophagaceae | Puia_ASV-990
ASV_354,48.977436746714666,-24.994419219772414,4.271706294488162,-5.851155837193919,4.881685563171387e-9,2.8928869085035024e-6,d__Bacteria,Bacteroidota,c__Bacteroidia,o__Chitinophagales,Chitinophagaceae,Taibaiella,B. oleracea,88f1cf846334ca4e3ddcbd0a051aee97,Root,meJA 1mM,ASV_354 (Chitinophagaceae),B. oleracea-Root-meJA 1mM,Chitinophagaceae | Taibaiella_ASV-354
ASV_354,12.484448282344289,-23.215597113625318,4.165424737620555,-5.5734045327840755,2.498085738655133e-8,2.1908211928005514e-5,d__Bacteria,Bacteroidota,c__Bacteroidia,o__Chitinophagales,Chitinophagaceae,Taibaiella,B. oleracea,88f1cf846334ca4e3ddcbd0a051aee97,Soil,meJA 1mM,ASV_354 (Chitinophagaceae),B. oleracea-Soil-meJA 1mM,Chitinophagaceae | Taibaiella_ASV-354
ASV_354,48.977436746714666,-25.426629107285994,4.271706294488163,-5.952335519905547,2.6434274790482247e-9,3.4443860051998366e-6,d__Bacteria,Bacteroidota,c__Bacteroidia,o__Chitinophagales,Chitinophagaceae,Taibaiella,B. oleracea,88f1cf846334ca4e3ddcbd0a051aee97,Root,Caterpillar OS,ASV_354 (Chitinophagaceae),B. oleracea-Root-Caterpillar OS,Chitinophagaceae | Taibaiella_ASV-354
ASV_354,12.484448282344289,-23.132718847550603,4.165424737620556,-5.553507818452354,2.7999313574768257e-8,3.683309700760764e-5,d__Bacteria,Bacteroidota,c__Bacteroidia,o__Chitinophagales,Chitinophagaceae,Taibaiella,B. oleracea,88f1cf846334ca4e3ddcbd0a051aee97,Soil,Caterpillar OS,ASV_354 (Chitinophagaceae),B. oleracea-Soil-Caterpillar OS,Chitinophagaceae | Taibaiella_ASV-354
ASV_266,48.18665557280918,24.649554358793026,3.9947391757243076,6.170504074104834,6.807262126861379e-10,5.00844310983826e-7,d__Bacteria,Bacteroidota,c__Bacteroidia,o__Flavobacteriales,Flavobacteriaceae,Flavobacterium,A. thaliana,ca1e44396c5d533c9638ff14706d4d3b,Root,meJA 0.1mM,ASV_266 (Flavobacteriaceae),A. thaliana-Root-meJA 0.1mM,Flavobacteriaceae | Flavobacterium_ASV-266
ASV_451,21.367016883476705,19.587884078893282,3.67570780801804,5.329010112328588,9.874949910524631e-8,1.6003804448436073e-5,d__Bacteria,Bacteroidota,c__Bacteroidia,o__Flavobacteriales,Flavobacteriaceae,Flavobacterium,A. thaliana,0fc915ab18f1d13df3facd97af67c6da,Root,meJA 0.1mM,ASV_451 (Flavobacteriaceae),A. thaliana-Root-meJA 0.1mM,Flavobacteriaceae | Flavobacterium_ASV-451
ASV_266,8.177739319222836,22.213192522369447,4.165947545858671,5.332086464807117,9.709068637724836e-8,7.871627398035411e-5,d__Bacteria,Bacteroidota,c__Bacteroidia,o__Flavobacteriales,Flavobacteriaceae,Flavobacterium,A. thaliana,ca1e44396c5d533c9638ff14706d4d3b,Soil,meJA 0.1mM,ASV_266 (Flavobacteriaceae),A. thaliana-Soil-meJA 0.1mM,Flavobacteriaceae | Flavobacterium_ASV-266
ASV_266,6.0098234298076605,14.983611168165744,4.183608226786117,3.581504375154238,3.416214159643512e-4,0.046856074210689436,d__Bacteria,Bacteroidota,c__Bacteroidia,o__Flavobacteriales,Flavobacteriaceae,Flavobacterium,B. oleracea,ca1e44396c5d533c9638ff14706d4d3b,Root,meJA 0.1mM,ASV_266 (Flavobacteriaceae),B. oleracea-Root-meJA 0.1mM,Flavobacteriaceae | Flavobacterium_ASV-266
ASV_209,86.3424139259827,-25.69528142878119,3.9946538930784077,-6.432417455065071,1.2559023929266812e-10,2.805685945798206e-8,d__Bacteria,Bacteroidota,c__Bacteroidia,o__Flavobacteriales,Flavobacteriaceae,Flavobacterium,A. thaliana,fcc5096bfd4bede565ea8da830b3a1dc,Root,meJA 1mM,ASV_209 (Flavobacteriaceae),A. thaliana-Root-meJA 1mM,Flavobacteriaceae | Flavobacterium_ASV-209
ASV_274,15.85044235264698,-19.48531554058216,3.3795536688921137,-5.765647611972927,8.13448681188212e-9,3.6344887075489315e-7,d__Bacteria,Bacteroidota,c__Bacteroidia,o__Flavobacteriales,Flavobacteriaceae,Flavobacterium,A. thaliana,36a8dae6549d9d5572deb425fe539f44,Root,meJA 1mM,ASV_274 (Flavobacteriaceae),A. thaliana-Root-meJA 1mM,Flavobacteriaceae | Flavobacterium_ASV-274
ASV_451,21.367016883476705,18.895007014034206,3.6825639436485265,5.1309379288914245,2.8830197701862353e-7,6.44066616659605e-6,d__Bacteria,Bacteroidota,c__Bacteroidia,o__Flavobacteriales,Flavobacteriaceae,Flavobacterium,A. thaliana,0fc915ab18f1d13df3facd97af67c6da,Root,meJA 1mM,ASV_451 (Flavobacteriaceae),A. thaliana-Root-meJA 1mM,Flavobacteriaceae | Flavobacterium_ASV-451
ASV_989,6.666792345961576,19.705559828813588,4.0009012178570575,4.9252802695709095,8.423952438276142e-7,1.8450107595204804e-5,d__Bacteria,Bacteroidota,c__Bacteroidia,o__Flavobacteriales,Flavobacteriaceae,Flavobacterium,A. thaliana,c5da03422a9dc9843a7ee59349ed40a2,Root,meJA 1mM,ASV_989 (Flavobacteriaceae),A. thaliana-Root-meJA 1mM,Flavobacteriaceae | Flavobacterium_ASV-989
ASV_493,19.16812667257506,-22.026122335450076,3.329732935864874,-6.614981669612176,3.71597787940605e-11,6.677612249292672e-8,d__Bacteria,Bacteroidota,c__Bacteroidia,o__Flavobacteriales,Flavobacteriaceae,Flavobacterium,B. oleracea,498dc00c661222845b8c934a688a39c8,Root,meJA 1mM,ASV_493 (Flavobacteriaceae),B. oleracea-Root-meJA 1mM,Flavobacteriaceae | Flavobacterium_ASV-493
ASV_266,6.0098234298076605,15.009331588556423,4.182901528989108,3.5882584097512247,3.328942629837905e-4,0.024925457940911312,d__Bacteria,Bacteroidota,c__Bacteroidia,o__Flavobacteriales,Flavobacteriaceae,Flavobacterium,B. oleracea,ca1e44396c5d533c9638ff14706d4d3b,Root,meJA 1mM,ASV_266 (Flavobacteriaceae),B. oleracea-Root-meJA 1mM,Flavobacteriaceae | Flavobacterium_ASV-266
ASV_209,86.3424139259827,-24.713053128531374,4.485498559663387,-5.509544323738665,3.597637990995559e-8,2.400259024552252e-5,d__Bacteria,Bacteroidota,c__Bacteroidia,o__Flavobacteriales,Flavobacteriaceae,Flavobacterium,A. thaliana,fcc5096bfd4bede565ea8da830b3a1dc,Root,Caterpillar OS,ASV_209 (Flavobacteriaceae),A. thaliana-Root-Caterpillar OS,Flavobacteriaceae | Flavobacterium_ASV-209
ASV_451,21.367016883476705,22.418366715213494,4.0853932475976755,5.487444012494052,4.077912036276337e-8,2.400259024552252e-5,d__Bacteria,Bacteroidota,c__Bacteroidia,o__Flavobacteriales,Flavobacteriaceae,Flavobacterium,A. thaliana,0fc915ab18f1d13df3facd97af67c6da,Root,Caterpillar OS,ASV_451 (Flavobacteriaceae),A. thaliana-Root-Caterpillar OS,Flavobacteriaceae | Flavobacterium_ASV-451
ASV_1137,4.886413611236707,21.772686064228886,4.4487179602577,4.894148439782787,9.873229854380612e-7,1.5307859759520164e-4,d__Bacteria,Bacteroidota,c__Bacteroidia,o__Flavobacteriales,Flavobacteriaceae,Flavobacterium,A. thaliana,ba1b424d4edb4b195ceb353500300717,Root,Caterpillar OS,ASV_1137 (Flavobacteriaceae),A. thaliana-Root-Caterpillar OS,Flavobacteriaceae | Flavobacterium_ASV-1137
ASV_989,6.666792345961576,20.532048469312503,4.449482213139898,4.61448040149002,3.9407995739146275e-6,3.134533282711013e-4,d__Bacteria,Bacteroidota,c__Bacteroidia,o__Flavobacteriales,Flavobacteriaceae,Flavobacterium,A. thaliana,c5da03422a9dc9843a7ee59349ed40a2,Root,Caterpillar OS,ASV_989 (Flavobacteriaceae),A. thaliana-Root-Caterpillar OS,Flavobacteriaceae | Flavobacterium_ASV-989
ASV_1039,6.664471604800595,21.43686726988042,4.289054556702164,4.998040240915737,5.791590075193637e-7,1.2577403113295515e-4,d__Bacteria,Bacteroidota,c__Bacteroidia,o__Flavobacteriales,Flavobacteriaceae,Flavobacterium,B. oleracea,a202b7c5fa8aee0e2e6cfa14ca4e3273,Root,Caterpillar OS,ASV_1039 (Flavobacteriaceae),B. oleracea-Root-Caterpillar OS,Flavobacteriaceae | Flavobacterium_ASV-1039
ASV_266,6.0098234298076605,20.170162758739504,4.11412175497707,4.902665492176695,9.454490477800512e-7,1.8952617065498564e-4,d__Bacteria,Bacteroidota,c__Bacteroidia,o__Flavobacteriales,Flavobacteriaceae,Flavobacterium,B. oleracea,ca1e44396c5d533c9638ff14706d4d3b,Root,Caterpillar OS,ASV_266 (Flavobacteriaceae),B. oleracea-Root-Caterpillar OS,Flavobacteriaceae | Flavobacterium_ASV-266
ASV_607,10.449800565594439,-19.270461964911338,4.000959052607888,-4.816460681433505,1.4612694239729266e-6,2.5387120792489645e-4,d__Bacteria,Bacteroidota,c__Bacteroidia,o__Flavobacteriales,Flavobacteriaceae,Flavobacterium,B. oleracea,449e67700ae4a4d6543c3e0966783ddc,Root,Caterpillar OS,ASV_607 (Flavobacteriaceae),B. oleracea-Root-Caterpillar OS,Flavobacteriaceae | Flavobacterium_ASV-607
ASV_1235,5.31801120577125,-21.252345744675036,3.9964585075445602,-5.3177946685933595,1.0503249997896196e-7,1.6003804448436073e-5,d__Bacteria,Bacteroidota,c__Bacteroidia,o__Sphingobacteriales,Sphingobacteriaceae,Mucilaginibacter,A. thaliana,23d80b22e9fe9653d696c3cf3167a901,Root,meJA 0.1mM,ASV_1235 (Sphingobacteriaceae),A. thaliana-Root-meJA 0.1mM,Sphingobacteriaceae | Mucilaginibacter_ASV-1235
ASV_1011,26.71546103434541,24.453241785403677,3.995258464843056,6.120565665671961,9.324374664170592e-10,8.943429455176136e-8,d__Bacteria,Bacteroidota,c__Bacteroidia,o__Sphingobacteriales,Sphingobacteriaceae,Mucilaginibacter,A. thaliana,3faa8c56b3bf8dbfd53c285132d77373,Root,meJA 1mM,ASV_1011 (Sphingobacteriaceae),A. thaliana-Root-meJA 1mM,Sphingobacteriaceae | Mucilaginibacter_ASV-1011
ASV_1038,6.842333756725102,-23.59033071073407,3.9961077884103853,-5.903326927054208,3.562433262993788e-9,2.4319590090076756e-7,d__Bacteria,Bacteroidota,c__Bacteroidia,o__Sphingobacteriales,Sphingobacteriaceae,Mucilaginibacter,A. thaliana,22d9d069388ed12b53fe6c9b3588ac27,Root,meJA 1mM,ASV_1038 (Sphingobacteriaceae),A. thaliana-Root-meJA 1mM,Sphingobacteriaceae | Mucilaginibacter_ASV-1038
ASV_1235,5.31801120577125,-21.276639780034543,3.996458507544559,-5.323873559519826,1.0158052789088611e-7,2.5787602194118134e-6,d__Bacteria,Bacteroidota,c__Bacteroidia,o__Sphingobacteriales,Sphingobacteriaceae,Mucilaginibacter,A. thaliana,23d80b22e9fe9653d696c3cf3167a901,Root,meJA 1mM,ASV_1235 (Sphingobacteriaceae),A. thaliana-Root-meJA 1mM,Sphingobacteriaceae | Mucilaginibacter_ASV-1235
ASV_836,6.893207272091157,-21.454855905908662,4.287028811220338,-5.004598021304494,5.597872172557345e-7,1.3357180326205388e-4,d__Bacteria,Bacteroidota,c__Bacteroidia,o__Sphingobacteriales,Sphingobacteriaceae,Mucilaginibacter,A. thaliana,568fc60a86940e8fa9ca86b14dbfb7ce,Root,Caterpillar OS,ASV_836 (Sphingobacteriaceae),A. thaliana-Root-Caterpillar OS,Sphingobacteriaceae | Mucilaginibacter_ASV-836
ASV_1235,5.31801120577125,-21.470010495436032,4.487105744871155,-4.7848238299212476,1.7113737142926094e-6,1.9974705293723013e-4,d__Bacteria,Bacteroidota,c__Bacteroidia,o__Sphingobacteriales,Sphingobacteriaceae,Mucilaginibacter,A. thaliana,23d80b22e9fe9653d696c3cf3167a901,Root,Caterpillar OS,ASV_1235 (Sphingobacteriaceae),A. thaliana-Root-Caterpillar OS,Sphingobacteriaceae | Mucilaginibacter_ASV-1235
ASV_1038,6.842333756725102,-20.79499321452545,4.486793383520173,-4.634711571721732,3.5743549807427575e-6,3.005521916664553e-4,d__Bacteria,Bacteroidota,c__Bacteroidia,o__Sphingobacteriales,Sphingobacteriaceae,Mucilaginibacter,A. thaliana,22d9d069388ed12b53fe6c9b3588ac27,Root,Caterpillar OS,ASV_1038 (Sphingobacteriaceae),A. thaliana-Root-Caterpillar OS,Sphingobacteriaceae | Mucilaginibacter_ASV-1038
ASV_1037,9.820556731795092,18.987729987200282,4.000499358599121,4.746339965381055,2.0713046351965544e-6,2.5399373089097745e-4,d__Bacteria,Actinobacteriota,c__Thermoleophilia,o__Solirubrobacterales,67-14,67-14,A. thaliana,3c909a95f78f1fb183d8c10f33f0fbe5,Root,meJA 0.1mM,ASV_1037 (67-14),A. thaliana-Root-meJA 0.1mM,67-14 | 67-14_ASV-1037
ASV_1037,9.820556731795092,21.225268508134125,3.996934243897414,5.31038721503643,1.0939256488086561e-7,2.7153665549317086e-6,d__Bacteria,Actinobacteriota,c__Thermoleophilia,o__Solirubrobacterales,67-14,67-14,A. thaliana,3c909a95f78f1fb183d8c10f33f0fbe5,Root,meJA 1mM,ASV_1037 (67-14),A. thaliana-Root-meJA 1mM,67-14 | 67-14_ASV-1037
ASV_956,5.8384990674978345,-22.26336461278405,4.273408276939841,-5.209744346900244,1.8910101524747962e-7,7.03996065335617e-5,d__Bacteria,Actinobacteriota,c__Actinobacteria,o__Micrococcales,Microbacteriaceae,NA,B. oleracea,87d662e1ccfdd7bd0f6d01b2dabe4c8d,Root,meJA 0.1mM,ASV_956 (Microbacteriaceae),B. oleracea-Root-meJA 0.1mM,Microbacteriaceae | ASV-956
ASV_956,5.8384990674978345,-22.252832251381083,4.273408276939842,-5.207279718968529,1.9162911485054974e-7,2.6489039952802914e-5,d__Bacteria,Actinobacteriota,c__Actinobacteria,o__Micrococcales,Microbacteriaceae,NA,B. oleracea,87d662e1ccfdd7bd0f6d01b2dabe4c8d,Root,meJA 1mM,ASV_956 (Microbacteriaceae),B. oleracea-Root-meJA 1mM,Microbacteriaceae | ASV-956
ASV_956,5.8384990674978345,-22.442603123108743,4.273408276939841,-5.251687100484521,1.5071233295386891e-7,4.363959329753138e-5,d__Bacteria,Actinobacteriota,c__Actinobacteria,o__Micrococcales,Microbacteriaceae,NA,B. oleracea,87d662e1ccfdd7bd0f6d01b2dabe4c8d,Root,Caterpillar OS,ASV_956 (Microbacteriaceae),B. oleracea-Root-Caterpillar OS,Microbacteriaceae | ASV-956
ASV_78,12.783770001210181,19.131695912245522,4.116461495584353,4.64760715793594,3.358076573891085e-6,6.73165196273859e-4,d__Bacteria,Actinobacteriota,c__Actinobacteria,o__Micrococcales,Micrococcaceae,NA,B. oleracea,c1d8f746065975c3dc82d29b9eee6f45,Root,meJA 0.1mM,ASV_78 (Micrococcaceae),B. oleracea-Root-meJA 0.1mM,Micrococcaceae | ASV-78
ASV_78,12.783770001210181,20.600128582114,4.11405387644929,5.007257853388473,5.521094250315492e-7,6.200878979885587e-5,d__Bacteria,Actinobacteriota,c__Actinobacteria,o__Micrococcales,Micrococcaceae,NA,B. oleracea,c1d8f746065975c3dc82d29b9eee6f45,Root,meJA 1mM,ASV_78 (Micrococcaceae),B. oleracea-Root-meJA 1mM,Micrococcaceae | ASV-78
ASV_605,7.124424783262061,20.49652900137359,4.289271242814461,4.778557438098629,1.7655732878887593e-6,1.762630665742278e-4,d__Bacteria,Actinobacteriota,c__Actinobacteria,o__Micrococcales,Micrococcaceae,NA,B. oleracea,281d4badbcc99017d98c9a0aa90e6fb2,Root,meJA 1mM,ASV_605 (Micrococcaceae),B. oleracea-Root-meJA 1mM,Micrococcaceae | ASV-605
ASV_78,12.783770001210181,17.644841386870798,4.12143038445438,4.281242127351068,1.858530049047708e-5,0.0028490172398931333,d__Bacteria,Actinobacteriota,c__Actinobacteria,o__Micrococcales,Micrococcaceae,NA,B. oleracea,c1d8f746065975c3dc82d29b9eee6f45,Root,Caterpillar OS,ASV_78 (Micrococcaceae),B. oleracea-Root-Caterpillar OS,Micrococcaceae | ASV-78
ASV_605,7.124424783262061,16.20946648922985,4.314163553658376,3.7572674952214906,1.7177884535934324e-4,0.02356082478981308,d__Bacteria,Actinobacteriota,c__Actinobacteria,o__Micrococcales,Micrococcaceae,NA,B. oleracea,281d4badbcc99017d98c9a0aa90e6fb2,Root,Caterpillar OS,ASV_605 (Micrococcaceae),B. oleracea-Root-Caterpillar OS,Micrococcaceae | ASV-605
ASV_453,40.679562116210164,23.856018125276666,3.995006191017264,5.971459613483631,2.351402741189159e-9,1.751011241272194e-7,d__Bacteria,Actinobacteriota,c__Actinobacteria,o__Micromonosporales,Micromonosporaceae,Actinoplanes,A. thaliana,8797e4b6612cb74af7a6866d0bda937f,Root,meJA 1mM,ASV_453 (Micromonosporaceae),A. thaliana-Root-meJA 1mM,Micromonosporaceae | Actinoplanes_ASV-453
ASV_914,13.201027817655945,22.84912311567937,3.996004941437105,5.717991706852598,1.0779040227108449e-8,4.300067119171478e-7,d__Bacteria,Actinobacteriota,c__Actinobacteria,o__Micromonosporales,Micromonosporaceae,Actinoplanes,A. thaliana,05f6970d3f265f7f66482f7f75e274ba,Root,meJA 1mM,ASV_914 (Micromonosporaceae),A. thaliana-Root-meJA 1mM,Micromonosporaceae | Actinoplanes_ASV-914
ASV_748,13.701123585985078,-23.598411962260762,3.9953554037403616,-5.906461272548735,3.4953441646947748e-9,1.714466312782787e-6,d__Bacteria,Actinobacteriota,c__Actinobacteria,o__Pseudonocardiales,Pseudonocardiaceae,Saccharothrix,A. thaliana,5a3db50b2c047d9a711496828a8028cc,Root,meJA 0.1mM,ASV_748 (Pseudonocardiaceae),A. thaliana-Root-meJA 0.1mM,Pseudonocardiaceae | Saccharothrix_ASV-748
ASV_190,307.5353612072539,15.590417032467883,4.0452803179203265,3.853976932921894,1.1621454929429444e-4,0.013154593022042636,d__Bacteria,Actinobacteriota,c__Actinobacteria,o__Pseudonocardiales,Pseudonocardiaceae,Kutzneria,A. thaliana,54ae4115ee34c0e007a0c10c88554d22,Root,meJA 0.1mM,ASV_190 (Pseudonocardiaceae),A. thaliana-Root-meJA 0.1mM,Pseudonocardiaceae | Kutzneria_ASV-190
ASV_190,307.5353612072539,26.167392975944395,3.9945895072731155,6.5507088846802235,5.7264594930603225e-11,2.7648063745908973e-8,d__Bacteria,Actinobacteriota,c__Actinobacteria,o__Pseudonocardiales,Pseudonocardiaceae,Kutzneria,A. thaliana,54ae4115ee34c0e007a0c10c88554d22,Root,meJA 1mM,ASV_190 (Pseudonocardiaceae),A. thaliana-Root-meJA 1mM,Pseudonocardiaceae | Kutzneria_ASV-190
ASV_748,13.701123585985078,-22.18195734256669,4.486123305496819,-4.94457147786983,7.63115387957424e-7,1.4036553667241868e-4,d__Bacteria,Actinobacteriota,c__Actinobacteria,o__Pseudonocardiales,Pseudonocardiaceae,Saccharothrix,A. thaliana,5a3db50b2c047d9a711496828a8028cc,Root,Caterpillar OS,ASV_748 (Pseudonocardiaceae),A. thaliana-Root-Caterpillar OS,Pseudonocardiaceae | Saccharothrix_ASV-748
ASV_1184,5.199072736361881,-25.305981319497906,3.9967390021170477,-6.331657210063876,2.425418677811518e-10,3.5690035843996485e-7,d__Bacteria,Actinobacteriota,c__Actinobacteria,o__Streptomycetales,Streptomycetaceae,Streptomyces,A. thaliana,ef95b652667dc79202be341a1f946175,Root,meJA 0.1mM,ASV_1184 (Streptomycetaceae),A. thaliana-Root-meJA 0.1mM,Streptomycetaceae | Streptomyces_ASV-1184
ASV_1165,6.974292888869528,21.87072105452341,3.9959996078839053,5.473153954112904,4.4209571673235414e-8,9.974353175268026e-6,d__Bacteria,Actinobacteriota,c__Actinobacteria,o__Streptomycetales,Streptomycetaceae,Streptomyces,A. thaliana,de59c84427399dcb97f0100bc8a82dff,Root,meJA 0.1mM,ASV_1165 (Streptomycetaceae),A. thaliana-Root-meJA 0.1mM,Streptomycetaceae | Streptomyces_ASV-1165
ASV_415,12.489303207083099,-19.132735195843434,3.1377981000812287,-6.097503595068192,1.0773769738448503e-9,9.25715445988229e-8,d__Bacteria,Actinobacteriota,c__Actinobacteria,o__Streptomycetales,Streptomycetaceae,Streptomyces,A. thaliana,f82634319380bb513f537c8f658feb2a,Root,meJA 1mM,ASV_415 (Streptomycetaceae),A. thaliana-Root-meJA 1mM,Streptomycetaceae | Streptomyces_ASV-415
ASV_1060,11.222799167610116,22.69715094312165,3.996265348433344,5.6795905587249385,1.3501755102419456e-8,4.7129563904382914e-7,d__Bacteria,Actinobacteriota,c__Actinobacteria,o__Streptomycetales,Streptomycetaceae,Streptomyces,A. thaliana,cdafb3ebedd3200cb50d81857208158d,Root,meJA 1mM,ASV_1060 (Streptomycetaceae),A. thaliana-Root-meJA 1mM,Streptomycetaceae | Streptomyces_ASV-1060
ASV_1063,7.261823780215797,22.39341029925805,4.448009819791129,5.03447861100037,4.791511707451277e-7,1.3357180326205388e-4,d__Bacteria,Actinobacteriota,c__Actinobacteria,o__Streptomycetales,Streptomycetaceae,Streptomyces,A. thaliana,3bc9a5ccb2e7b4122351bd8d4098515f,Root,Caterpillar OS,ASV_1063 (Streptomycetaceae),A. thaliana-Root-Caterpillar OS,Streptomycetaceae | Streptomyces_ASV-1063
ASV_1067,5.513059531266766,22.09451711063026,4.448473459635157,4.96676383732822,6.807941042918139e-7,1.3357180326205388e-4,d__Bacteria,Actinobacteriota,c__Actinobacteria,o__Streptomycetales,Streptomycetaceae,Streptomyces,A. thaliana,f8267b7b9d22361205821e19ee6f9fa2,Root,Caterpillar OS,ASV_1067 (Streptomycetaceae),A. thaliana-Root-Caterpillar OS,Streptomycetaceae | Streptomyces_ASV-1067
ASV_1184,5.199072736361881,-19.696455160372604,4.487355566125903,-4.389323482421802,1.1370382842456509e-5,8.161716269597441e-4,d__Bacteria,Actinobacteriota,c__Actinobacteria,o__Streptomycetales,Streptomycetaceae,Streptomyces,A. thaliana,ef95b652667dc79202be341a1f946175,Root,Caterpillar OS,ASV_1184 (Streptomycetaceae),A. thaliana-Root-Caterpillar OS,Streptomycetaceae | Streptomyces_ASV-1184
ASV_527,61.254074068943105,-20.387832544582963,3.899391668152823,-5.228464919565483,1.709232564973464e-7,2.3953673517699548e-5,d__Bacteria,Actinobacteriota,c__Actinobacteria,o__Streptosporangiales,Streptosporangiaceae,Nonomuraea,A. thaliana,157358958a1bddbac8acda1617734a9e,Root,meJA 0.1mM,ASV_527 (Streptosporangiaceae),A. thaliana-Root-meJA 0.1mM,Streptosporangiaceae | Nonomuraea_ASV-527
ASV_1447,13.938501409223692,22.702445496975898,3.9959289831778797,5.681393636510805,1.3360159012101291e-8,4.7129563904382914e-7,d__Bacteria,Actinobacteriota,c__Actinobacteria,o__Streptosporangiales,Streptosporangiaceae,Nonomuraea,A. thaliana,ece0c8cbf80712fba4ed23eabfb37dab,Root,meJA 1mM,ASV_1447 (Streptosporangiaceae),A. thaliana-Root-meJA 1mM,Streptosporangiaceae | Nonomuraea_ASV-1447
ASV_527,61.254074068943105,-20.245378582368684,4.3785542807205635,-4.623758730481462,3.7684817074361633e-6,3.0807337958290636e-4,d__Bacteria,Actinobacteriota,c__Actinobacteria,o__Streptosporangiales,Streptosporangiaceae,Nonomuraea,A. thaliana,157358958a1bddbac8acda1617734a9e,Root,Caterpillar OS,ASV_527 (Streptosporangiaceae),A. thaliana-Root-Caterpillar OS,Streptosporangiaceae | Nonomuraea_ASV-527
ASV_224,15.340713657915675,-22.777101110366022,3.6564339226495517,-6.229321134254524,4.684606572347404e-10,4.595599047472803e-7,d__Bacteria,Firmicutes,c__Bacilli,o__Bacillales,Bacillaceae,Bacillus,A. thaliana,253a7230f2465f29a4f710bbbf490c22,Root,meJA 0.1mM,ASV_224 (Bacillaceae),A. thaliana-Root-meJA 0.1mM,Bacillaceae | Bacillus_ASV-224
ASV_235,7.368343819323447,21.561200223217963,4.272603659803633,5.046384345466976,4.502492292441205e-7,1.30372165712242e-4,d__Bacteria,Firmicutes,c__Bacilli,o__Bacillales,Bacillaceae,Bacillus,B. oleracea,d6021e8944aae0cc28b535070bee815c,Root,meJA 0.1mM,ASV_235 (Bacillaceae),B. oleracea-Root-meJA 0.1mM,Bacillaceae | Bacillus_ASV-235
ASV_755,8.875471923911936,22.25890602651745,4.165837917803207,5.343200207427984,9.131980451944754e-8,7.871627398035411e-5,d__Bacteria,Firmicutes,c__Bacilli,o__Exiguobacterales,Exiguobacteraceae,Exiguobacterium,A. thaliana,c081c63688123356f5b6b9e4fe5fd9b4,Soil,meJA 0.1mM,ASV_755 (Exiguobacteraceae),A. thaliana-Soil-meJA 0.1mM,Exiguobacteraceae | Exiguobacterium_ASV-755
ASV_979,7.168265437885141,-22.33508474094801,4.273278663635155,-5.226685760284164,1.7257542992379037e-7,7.03996065335617e-5,d__Bacteria,Firmicutes,c__Bacilli,o__Paenibacillales,Paenibacillaceae,Paenibacillus,B. oleracea,e2d1a67f521316cb1307ce4b56073ce5,Root,meJA 0.1mM,ASV_979 (Paenibacillaceae),B. oleracea-Root-meJA 0.1mM,Paenibacillaceae | Paenibacillus_ASV-979
ASV_979,7.168265437885141,-22.331481772490278,4.273278663635157,-5.225842621153454,1.7336377292501219e-7,2.6489039952802914e-5,d__Bacteria,Firmicutes,c__Bacilli,o__Paenibacillales,Paenibacillaceae,Paenibacillus,B. oleracea,e2d1a67f521316cb1307ce4b56073ce5,Root,meJA 1mM,ASV_979 (Paenibacillaceae),B. oleracea-Root-meJA 1mM,Paenibacillaceae | Paenibacillus_ASV-979
ASV_207,7.162754250718157,20.572313965743927,4.28927554169661,4.796221125399327,1.616867907161593e-6,3.511298138385926e-4,d__Bacteria,Firmicutes,c__Bacilli,o__Bacillales,Planococcaceae,Sporosarcina,B. oleracea,41692b85b28c21cd52251d9ce01af670,Root,meJA 0.1mM,ASV_207 (Planococcaceae),B. oleracea-Root-meJA 0.1mM,Planococcaceae | Sporosarcina_ASV-207
ASV_207,7.162754250718157,15.854987629680018,4.322710745082266,3.667834505863584,2.4461342070246285e-4,0.03187312871753091,d__Bacteria,Firmicutes,c__Bacilli,o__Bacillales,Planococcaceae,Sporosarcina,B. oleracea,41692b85b28c21cd52251d9ce01af670,Root,Caterpillar OS,ASV_207 (Planococcaceae),B. oleracea-Root-Caterpillar OS,Planococcaceae | Sporosarcina_ASV-207
ASV_437,29.783813303000134,21.13838841575384,3.99686195398258,5.28874618616512,1.2315764652772266e-7,2.9269593866269407e-6,d__Bacteria,Firmicutes,c__Bacilli,o__Bacillales,Sporolactobacillaceae,Scopulibacillus,A. thaliana,c809ba3f47cbe823a3bdf3ed70ed02fe,Root,meJA 1mM,ASV_437 (Sporolactobacillaceae),A. thaliana-Root-meJA 1mM,Sporolactobacillaceae | Scopulibacillus_ASV-437
ASV_1026,8.71353289479597,18.937593654594913,4.005268854839599,4.728170402771456,2.2655201792369903e-6,4.774690641901355e-5,d__Bacteria,Firmicutes,c__Bacilli,o__Bacillales,Sporolactobacillaceae,Scopulibacillus,A. thaliana,75e24471bd13ab61a9146fe2efdba6eb,Root,meJA 1mM,ASV_1026 (Sporolactobacillaceae),A. thaliana-Root-meJA 1mM,Sporolactobacillaceae | Scopulibacillus_ASV-1026
ASV_437,29.783813303000134,23.081636003568182,4.447044884636402,5.190331242958744,2.0992030267552985e-7,8.825649296772634e-5,d__Bacteria,Firmicutes,c__Bacilli,o__Bacillales,Sporolactobacillaceae,Scopulibacillus,A. thaliana,c809ba3f47cbe823a3bdf3ed70ed02fe,Root,Caterpillar OS,ASV_437 (Sporolactobacillaceae),A. thaliana-Root-Caterpillar OS,Sporolactobacillaceae | Scopulibacillus_ASV-437
ASV_1026,8.71353289479597,21.453154098227028,4.448085302942364,4.823008696356605,1.414088029883232e-6,1.7340254466443133e-4,d__Bacteria,Firmicutes,c__Bacilli,o__Bacillales,Sporolactobacillaceae,Scopulibacillus,A. thaliana,75e24471bd13ab61a9146fe2efdba6eb,Root,Caterpillar OS,ASV_1026 (Sporolactobacillaceae),A. thaliana-Root-Caterpillar OS,Sporolactobacillaceae | Scopulibacillus_ASV-1026
ASV_772,14.054435687385086,-22.928972027544837,3.9953265028650717,-5.738948246433011,9.526632440826967e-9,3.969889371797134e-7,d__Bacteria,Myxococcota,c__Polyangia,o__Polyangiales,BIrii41,BIrii41,A. thaliana,940a7fe4167976c96688457b2f60701d,Root,meJA 1mM,ASV_772 (BIrii41),A. thaliana-Root-meJA 1mM,BIrii41 | BIrii41_ASV-772
ASV_772,14.054435687385086,-22.328916039549405,4.486097566735016,-4.9773585410003465,6.445785705672904e-7,1.3357180326205388e-4,d__Bacteria,Myxococcota,c__Polyangia,o__Polyangiales,BIrii41,BIrii41,A. thaliana,940a7fe4167976c96688457b2f60701d,Root,Caterpillar OS,ASV_772 (BIrii41),A. thaliana-Root-Caterpillar OS,BIrii41 | BIrii41_ASV-772
ASV_1327,15.535621362363905,22.72135773928933,3.995784705978522,5.686331824958805,1.2979708132137043e-8,4.7129563904382914e-7,d__Bacteria,Myxococcota,c__Polyangia,o__Haliangiales,Haliangiaceae,Haliangium,A. thaliana,4e731419ee4e15c8b9c19e0bff81085d,Root,meJA 1mM,ASV_1327 (Haliangiaceae),A. thaliana-Root-meJA 1mM,Haliangiaceae | Haliangium_ASV-1327
ASV_896,13.71093876340231,21.977601186013544,3.9959503401949656,5.499968546891711,3.798590036638293e-8,1.2122928774071352e-6,d__Bacteria,Myxococcota,c__Polyangia,o__Haliangiales,Haliangiaceae,Haliangium,A. thaliana,26812df1c2ba4d64136fb256371a5f1c,Root,meJA 1mM,ASV_896 (Haliangiaceae),A. thaliana-Root-meJA 1mM,Haliangiaceae | Haliangium_ASV-896
ASV_1273,4.236578160260444,-21.546447292033488,3.9969474268249874,-5.390725719189434,7.01737113082718e-8,1.3196388806923874e-5,d__Bacteria,Myxococcota,c__Polyangia,o__Polyangiales,Polyangiaceae,Aetherobacter,A. thaliana,026252e0e106c8ef7fbb7817fbd78355,Root,meJA 0.1mM,ASV_1273 (Polyangiaceae),A. thaliana-Root-meJA 0.1mM,Polyangiaceae | Aetherobacter_ASV-1273
ASV_1273,4.236578160260444,-20.99142227317503,3.9969474268249874,-5.251863492697916,1.5056803830846715e-7,3.443216148834887e-6,d__Bacteria,Myxococcota,c__Polyangia,o__Polyangiales,Polyangiaceae,Aetherobacter,A. thaliana,026252e0e106c8ef7fbb7817fbd78355,Root,meJA 1mM,ASV_1273 (Polyangiaceae),A. thaliana-Root-meJA 1mM,Polyangiaceae | Aetherobacter_ASV-1273
ASV_1273,4.236578160260444,-20.96870753491637,4.487541201020679,-4.672649585957471,2.9733881385773878e-6,2.7321708631226606e-4,d__Bacteria,Myxococcota,c__Polyangia,o__Polyangiales,Polyangiaceae,Aetherobacter,A. thaliana,026252e0e106c8ef7fbb7817fbd78355,Root,Caterpillar OS,ASV_1273 (Polyangiaceae),A. thaliana-Root-Caterpillar OS,Polyangiaceae | Aetherobacter_ASV-1273
ASV_568,24.50185816233987,21.935031262817052,3.7367177141925763,5.870133347109614,4.354447643702194e-9,2.4319590090076756e-7,d__Bacteria,Patescibacteria,c__Saccharimonadia,o__Saccharimonadales,Saccharimonadaceae,TM7a,A. thaliana,5a0060d554602e35a2b2a5482c329ff2,Root,meJA 1mM,ASV_568 (Saccharimonadaceae),A. thaliana-Root-meJA 1mM,Saccharimonadaceae | TM7a_ASV-568
ASV_1043,6.7362044876918565,-23.168127237028294,3.9961192689307676,-5.797656595777067,6.72479771306038e-9,3.2659126284732373e-7,d__Bacteria,Patescibacteria,c__Saccharimonadia,o__Saccharimonadales,Saccharimonadaceae,TM7a,A. thaliana,fc594b5bb5f458e37ccd97fc8e0b9692,Root,meJA 1mM,ASV_1043 (Saccharimonadaceae),A. thaliana-Root-meJA 1mM,Saccharimonadaceae | TM7a_ASV-1043
ASV_356,42.897824059608375,18.503270666828357,4.0134556041142515,4.61030904337409,4.020708138356687e-6,8.316909241748926e-5,d__Bacteria,Patescibacteria,c__Saccharimonadia,o__Saccharimonadales,Saccharimonadaceae,TM7a,A. thaliana,6f3d36a0c26b1b67d1176743231af0bf,Root,meJA 1mM,ASV_356 (Saccharimonadaceae),A. thaliana-Root-meJA 1mM,Saccharimonadaceae | TM7a_ASV-356
ASV_356,42.897824059608375,24.440975848391894,4.446803287711243,5.496302459777031,3.8783708997836984e-8,2.400259024552252e-5,d__Bacteria,Patescibacteria,c__Saccharimonadia,o__Saccharimonadales,Saccharimonadaceae,TM7a,A. thaliana,6f3d36a0c26b1b67d1176743231af0bf,Root,Caterpillar OS,ASV_356 (Saccharimonadaceae),A. thaliana-Root-Caterpillar OS,Saccharimonadaceae | TM7a_ASV-356
ASV_568,24.50185816233987,22.02237114651517,4.156444292318825,5.298367931265881,1.1684234235427491e-7,5.731116892477184e-5,d__Bacteria,Patescibacteria,c__Saccharimonadia,o__Saccharimonadales,Saccharimonadaceae,TM7a,A. thaliana,5a0060d554602e35a2b2a5482c329ff2,Root,Caterpillar OS,ASV_568 (Saccharimonadaceae),A. thaliana-Root-Caterpillar OS,Saccharimonadaceae | TM7a_ASV-568
ASV_1043,6.7362044876918565,-20.937711239428243,4.48680360833837,-4.666509405608296,3.063596278730812e-6,2.7321708631226606e-4,d__Bacteria,Patescibacteria,c__Saccharimonadia,o__Saccharimonadales,Saccharimonadaceae,TM7a,A. thaliana,fc594b5bb5f458e37ccd97fc8e0b9692,Root,Caterpillar OS,ASV_1043 (Saccharimonadaceae),A. thaliana-Root-Caterpillar OS,Saccharimonadaceae | TM7a_ASV-1043
ASV_252,90.14092385360776,24.96613496777847,3.9947426821624075,6.249747969815159,4.1111554320526564e-10,6.503268954300344e-8,d__Bacteria,Patescibacteria,c__Saccharimonadia,o__Saccharimonadales,Saccharimonadales,Saccharimonadales,A. thaliana,079c0e1b658ad3a2b423a95b18625ac9,Root,meJA 1mM,ASV_252 (Saccharimonadales),A. thaliana-Root-meJA 1mM,Saccharimonadales | Saccharimonadales_ASV-252
ASV_1360,4.81151514271967,21.93040334007539,4.4487529654667926,4.9295619492268905,8.241419970731763e-7,1.4267352337566812e-4,d__Bacteria,Chloroflexi,c__Ktedonobacteria,o__Ktedonobacterales,Ktedonobacteraceae,uncultured,A. thaliana,c0eb521be4b2ad006cfb9471a22c04a6,Root,Caterpillar OS,ASV_1360 (Ktedonobacteraceae),A. thaliana-Root-Caterpillar OS,Ktedonobacteraceae | uncultured_ASV-1360
ASV_1369,4.588759812038203,21.72403604148164,4.448860578696136,4.883056157234867,1.0445410680100784e-6,1.5307859759520164e-4,d__Bacteria,Chloroflexi,c__Anaerolineae,o__RBG-13-54-9,RBG-13-54-9,RBG-13-54-9,A. thaliana,ecd50dd946ef1d9def250b2c33b1e569,Root,Caterpillar OS,ASV_1369 (RBG-13-54-9),A. thaliana-Root-Caterpillar OS,RBG-13-54-9 | RBG-13-54-9_ASV-1369
ASV_1713,3.0740235634042334,21.231239268810118,4.449999789293116,4.771065230136271,1.8325417700663315e-6,1.9974705293723013e-4,d__Bacteria,Chloroflexi,c__Anaerolineae,o__RBG-13-54-9,RBG-13-54-9,RBG-13-54-9,A. thaliana,87bf1e08d9bbe06c91150608e44cf51c,Root,Caterpillar OS,ASV_1713 (RBG-13-54-9),A. thaliana-Root-Caterpillar OS,RBG-13-54-9 | RBG-13-54-9_ASV-1713
ASV_876,36.58856619921219,24.635062348075106,3.995060172260796,6.166380801752525,6.987070533444741e-10,7.804557785857775e-8,d__Bacteria,Acidobacteriota,c__Acidobacteriae,o__Acidobacteriales,Acidobacteriaceae_(Subgroup_1),Granulicella,A. thaliana,6b9a6469c7ac728708b4c60a5f47e204,Root,meJA 1mM,ASV_876 (Acidobacteriaceae_(Subgroup_1)),A. thaliana-Root-meJA 1mM,Acidobacteriaceae_(Subgroup_1) | Granulicella_ASV-876
ASV_523,25.62632773209992,-18.2503927652148,3.0750938368015728,-5.934905968332064,2.940139576365707e-9,4.3264153866221376e-006,d__Bacteria,Acidobacteriota,c__Vicinamibacteria,o__Vicinamibacterales,Vicinamibacteraceae,Vicinamibacter,A. thaliana,853fb73552bfc23d80e4a926f7ace08d,Root,Caterpillar OS,ASV_523 (Vicinamibacteraceae),A. thaliana-Root-Caterpillar OS,Vicinamibacteraceae | Vicinamibacter_ASV-523
